post_id,post_text,time,image,video,comments,shares,reactions,reaction_count
762758365888751,"11-year-old Milat sits in the rubble of his home in Afghanistan, destroyed by the powerful earthquakes that hit the country last month.

He lost his little brother and his mother suffered severe injuries.

UNICEFXem thêm teams on the ground are providing essential supplies to children impacted by the crisis. But to reach more families - we need your support.

Donate today and help make a difference. https://uni.cf/403F92F",2023-11-02 15:00:05,https://scontent.fhan9-1.fna.fbcdn.net/v/t39.30808-6/398438253_762757762555478_781835713419384258_n.jpg?stp=cp0_dst-jpg_e15_fr_q65&_nc_cat=110&ccb=1-7&_nc_sid=5f2048&efg=eyJpIjoidCJ9&_nc_ohc=DbLHB2zazKoAX-iT0pV&_nc_ht=scontent.fhan9-1.fna&oh=00_AfD5LgnpgRkJ1vNZOUq268qL2u9ogIql1DqwdWwaUa9DHA&oe=6547D97A&manual_redirect=1,,34,17,"{'thích': 235, 'yêu thích': 13, 'thương thương': 40, 'buồn': 100}",388
762643625900225,"Seeing Luul suffering from severe malnutrition filled her mother with fear in Somalia.

These are the key treatments which helped power her back to health.",2023-11-02 11:28:58,,https://scontent.fhan9-1.fna.fbcdn.net/v/t42.1790-2/396492927_1681483532358849_1508197202464380488_n.mp4?_nc_cat=111&ccb=1-7&_nc_sid=55d0d3&efg=eyJ2ZW5jb2RlX3RhZyI6InN2ZV9zZCJ9&_nc_ohc=WRAzjdHjgi0AX_LelsR&_nc_rml=0&_nc_ht=scontent.fhan9-1.fna&oh=00_AfAdtphoj_iDuJj7S43Rm3BB9jAkE7w2a6Wu_li0g63zJg&oe=654814B4,31,19,"{'thích': 149, 'yêu thích': 28, 'thương thương': 33, 'buồn': 4}",214
762866202544634,"The scenes of carnage coming out of Jabaliya camp in the Gaza Strip following attacks yesterday and again today are horrific and appalling.

Many children are reportedly among the casualties.

Full statement:",2023-11-02 06:28:34,,,69,140,"{'thích': 275, 'yêu thích': 13, 'haha': 1, 'thương thương': 20, 'buồn': 159, 'phẫn nộ': 8}",476
762748455889742,"Hostilities have forced over 30,000 children to flee their homes to Armenia.

From treasured instruments to soil from their garden, these are some of the things children took with them.

UNICEF is on the ground, reaching children and their families with healthcare, mental health support and educational materials.

",2023-11-02 01:01:11,,,33,19,"{'thích': 201, 'yêu thích': 10, 'thương thương': 32, 'buồn': 10, 'phẫn nộ': 1}",254
762650685899519,"“Isolated from the world where nobody knows our existence.”

This is how our colleague Rawan describes the current situation in Gaza.

UNICEF is calling for:
- An immediate humanitarian ceasefire.
- UnrestrictedXem thêm humanitarian access to allow aid to reach children and families.
- Immediate and safe release of all abducted children.
- All parties to afford children the special protection to which they are entitled.",2023-11-01 22:05:04,,https://scontent.fhan9-1.fna.fbcdn.net/v/t42.1790-2/396487499_888086785921684_2865901031391532559_n.mp4?_nc_cat=106&ccb=1-7&_nc_sid=55d0d3&efg=eyJ2ZW5jb2RlX3RhZyI6InN2ZV9zZCJ9&_nc_ohc=Y92eydn1LScAX_cRChG&_nc_rml=0&_nc_ht=scontent.fhan9-1.fna&oh=00_AfCMquRnL6Y6P3m2YhdHN5CCcHdR6fck5LoRwk3w4KC5dg&oe=6547E34A,160,175,"{'thích': 237, 'yêu thích': 6, 'haha': 2, 'wow': 1, 'thương thương': 38, 'buồn': 216, 'phẫn nộ': 6}",506
762601325904455,"Three incredible stories of children recovering from severe malnutrition.

Three critical reasons to step up funding for prevention, detection and treatment.

",2023-11-01 20:05:23,,,24,19,"{'thích': 232, 'yêu thích': 32, 'haha': 1, 'thương thương': 13, 'buồn': 1, 'phẫn nộ': 1}",280
762511595913428,"“We were trapped.”

A 16-year-old from DR Congo recounts the horrific tale of escaping armed groups - after they recruited him and assigned him to a life of violence.

See how UNICEF and partners are helping him readjust to life as a child.",2023-11-01 17:00:40,,,37,19,"{'thích': 217, 'yêu thích': 18, 'wow': 1, 'thương thương': 28, 'buồn': 5, 'phẫn nộ': 2}",271
762101789287742,"Unrelenting attacks have taken a devastating toll on Gaza's children.

UNICEF is calling for an immediate humanitarian ceasefire and unrestricted humanitarian access throughout Gaza.",2023-11-01 01:23:14,,https://scontent.fhan9-1.fna.fbcdn.net/v/t42.1790-2/397349484_162560860271285_7321259754439242931_n.mp4?_nc_cat=102&ccb=1-7&_nc_sid=55d0d3&efg=eyJ2ZW5jb2RlX3RhZyI6InN2ZV9zZCJ9&_nc_ohc=X0qfzECcKqQAX-lEaEC&_nc_rml=0&_nc_ht=scontent.fhan9-1.fna&oh=00_AfAUmKlt1sYjo6IGR4ohIllNmHcAOTGSlQbf-MxUE69TFA&oe=65496725,476,586,"{'thích': 394, 'yêu thích': 30, 'haha': 1, 'wow': 3, 'thương thương': 120, 'buồn': 424, 'phẫn nộ': 23}",995
762018162629438,"Life-saving UNICEF medical supplies are en route to support the rising needs of children in Gaza.

We need all access crossings into Gaza to be opened for safe, sustained and unimpeded access of humanitarian aid.",2023-10-31 23:00:20,,https://scontent.fhan9-1.fna.fbcdn.net/v/t42.1790-2/396479293_1567566897395091_3020435975512171270_n.mp4?_nc_cat=109&ccb=1-7&_nc_sid=55d0d3&efg=eyJ2ZW5jb2RlX3RhZyI6InN2ZV9zZCJ9&_nc_ohc=ZpvDKSeekzkAX-eubih&_nc_rml=0&_nc_ht=scontent.fhan9-1.fna&oh=00_AfCWm8fRBMgw4SCyuERjNL7775lyfIhrfTNLDtyh3ki5YQ&oe=6547F90B,138,106,"{'thích': 492, 'yêu thích': 107, 'haha': 2, 'thương thương': 47, 'buồn': 12, 'phẫn nộ': 2}",662
761954135969174,"As the situation for children in the State of Palestine and Israel continues to deteriorate, UNICEF urgently appeals on all parties to agree to a ceasefire, allow humanitarian access across Gaza and release all hostages.",2023-10-31 21:00:08,https://scontent.fhan9-1.fna.fbcdn.net/v/t39.30808-6/396684600_761953829302538_5454122223040839340_n.jpg?stp=cp0_dst-jpg_e15_fr_q65&_nc_cat=108&ccb=1-7&_nc_sid=5f2048&efg=eyJpIjoidCJ9&_nc_ohc=B6Jvg3_AbbIAX_8iU9u&_nc_ht=scontent.fhan9-1.fna&oh=00_AfA8jokx9Xkobl73RbxyVxdNYceelYf8Thy7INscG1KhJw&oe=65491445&manual_redirect=1,,192,415,"{'thích': 931, 'yêu thích': 50, 'haha': 1, 'thương thương': 135, 'buồn': 229, 'phẫn nộ': 8}",1354
761520579345863,"Little Laoualy was so sick from flu and malnutrition that he couldn’t stand up.

This is the simple solution which helped save his life in Niger.",2023-10-31 20:02:24,,https://scontent.fhan9-1.fna.fbcdn.net/v/t42.1790-2/396482952_1954051491715375_3624049627447104410_n.mp4?_nc_cat=109&ccb=1-7&_nc_sid=55d0d3&efg=eyJ2ZW5jb2RlX3RhZyI6InN2ZV9zZCJ9&_nc_ohc=vzHrn89tUnoAX86ag0d&tn=VDpihwEKTDDf0p79&_nc_rml=0&_nc_ht=scontent.fhan9-1.fna&oh=00_AfAg-0ff8CNawNd0B-sg44yaBngkM9r9EHkW_YoewBAefg&oe=6548B6DF,28,22,"{'thích': 193, 'yêu thích': 31, 'haha': 1, 'thương thương': 35}",260
761608889337032,"In the aftermath of the earthquakes in Afghanistan, families need our help to rebuild their lives and give their children a brighter future.

UNICEF is on the ground but we can't do it alone. Donate today to bring hope and relief to those in need: https://uni.cf/403F92F",2023-10-31 04:30:13,,,119,39,"{'thích': 457, 'yêu thích': 17, 'wow': 1, 'thương thương': 71, 'buồn': 108}",654
761460359351885,"“The situation in Gaza has become absolutely inhumane and unbearable by all international standards.”

Our colleague on the ground describes the challenges many are facing.

Limited - yet life-saving - suppliesXem thêm are entering Gaza.

UNICEF is calling for an immediate ceasefire and for unrestricted humanitarian access to allow aid to reach children and families.",2023-10-31 00:53:22,,https://scontent.fhan9-1.fna.fbcdn.net/v/t42.1790-2/397283707_2009027789470679_5004059820306037693_n.mp4?_nc_cat=103&ccb=1-7&_nc_sid=55d0d3&efg=eyJ2ZW5jb2RlX3RhZyI6InN2ZV9zZCJ9&_nc_ohc=poYUscpxCKkAX8U0qSx&_nc_rml=0&_nc_ht=scontent.fhan9-1.fna&oh=00_AfCK0C6aXFX-qq3ZobohYFbG4Dptr-2OSBNfFRT7-WQL2A&oe=65481B3C,337,444,"{'thích': 398, 'yêu thích': 9, 'haha': 2, 'thương thương': 101, 'buồn': 323, 'phẫn nộ': 11}",844
760884589409462,Humanitarian law is clear: all parties must protect civilians and ensure humanitarian access.,2023-10-30 03:35:17,https://m.facebook.com/photo/view_full_size/?fbid=760884489409472&ref_component=mbasic_photo_permalink&ref_page=%2Fwap%2Fphoto.php&refid=13&_ft_=encrypted_tracking_data.0AY9jAsxjNLFPogoAAnAXjsn573deBH2F577_Xd8mrlzp-gtBJM-MMC36RREfg9ifUGYq4XsWCoVEXoPtK4ULjEHVHEsfkr_uHBK95MZqMTNosTAn8_3pIbNEMyvqSXu927HeAh5rAD-nvRZVMWj__YuIjKonQXZeWOHNQhL2pTBUge_7y3FssqqRN_gC_FfTX3K6FSCD50TUpqAhEE91GtVj4JcXkLXzzYr3YZ6EKuBsurikRdScpcmMI9zhwhUY2GpZYPoI2f02LIJ18NdZglu0eoO4RpLRFqUDE41maRBMoUG-d_JZ1_NgnmA3Ph-\-\EISwKXy7wuwexQQfnTUiOvEnQOZzmHxt6BwJWO6qWiGCc9bH2CDeHHECWqTFSeMbBeHPVuP-MHJ63FTR6j2n4MHM4yjSObOVud-v9W3VmWb6BmOY9yfl7zvZyXkBl2RbQ855Og8NiaEcYIVdtNp3PdJ_oxKjFlmcCl6otpsR3GAc6ke2kmdtq6weS9CnlhhKMjQ7JIb0KBb6v8xbxOB9LjvOAlAUKI9CjZuAtrZJivh4ispXds8CG_pSzIbuocZ7O3xoGVTgqBZowxsoxQw-An-dCvrXMoQE4CEP_ohFEH6_5X-\-\ojZFTxReB-w9WZONNXo8_WlCmSe48IR2O118XynGxcWpRPoOXncJjc3vn9fWeu0urPTshGjC4RXqZGA6X1I7Tg7j1Hl-ROxL9DiYvJI4yW0hF0-9cUCeHbDXU22X1-wS5_KjfBt0-Inh9O-e9uvnh0LZZfFR8Dvwqf6N9qRYV1s8K09O3K9sW1trd_ZkZ-sxuiSjxVb0LgMlKP_vcYGUKnOCmK9_5T2ufVeSforPzPlrm6UrtorxKXoabLKzu_GM3-xbfXPFfeJ2uGe8CDn18M678MG9h_N-FqtO5iuNt_7JuzmG5EpgQooea-5I4LyuOblXdaIEJhD7IDraMSCYSN4XG-gmBsxeiDqHzpIlhLMdOMiU7cF3AHeze6sqQD6Nb30RcIX178U8qqIU8-sAIfB6TxhTmpzBIJ3hH3_3gK_qVji5JVGO6Z99qP6D8HgRpuF3pG5wvjVOD8tUpOZno8JSXwDI2INXH0A3cFsU8jY3shumWcR6p-P8ApCbIli-UPBgF2FCE7R0sdkRslLjPiKUqenu6CNUN6JnM-TzyaOb-42uBwoJLp1TeBeA8CnRO0R1cru5b666OuqR13_ljk30QR8pdbk70UKro7aWZnX7G0bskGSl2_LoP7f4JFY-LJX8cuT95syP5ENToMjsyGi5Sl6mVo7Lt5oZE2tKFnQJYa13IUGm5lLyvBXHRMtSlYzJeFOkmFnKUT_6Oe0PnFMtBMSht-j-zrRynhPua_PagRT3gA6_mOTrwBblkdZYb6L3q6VM_AU7nt9v8Mgr1_WhPIMZ7n_qEX6x9mM4s9mu4UYDtad29GvV303pqbkVwBq_aKk4IRhqnjAuJUaiFvX3TjE&__tn__=%2Cg&paipv=0&eav=AfZimf8EePGFTCbZb06R-3h7yXG3JsOYhCrZqOPuUcrEnxP3WZh6E3h-1beb-W33Jzw,,174,320,"{'thích': 951, 'yêu thích': 64, 'wow': 1, 'thương thương': 162, 'buồn': 242, 'phẫn nộ': 7}",1427
759585602872694,"UNICEF is calling for all access crossings into Gaza to be opened for a safe, sustained and unimpeded access of humanitarian aid, including water, food, medical supplies, and fuel.",2023-10-29 23:00:11,,https://scontent.fhan9-1.fna.fbcdn.net/v/t42.1790-2/395006596_1664090390936704_324811807944886953_n.mp4?_nc_cat=101&ccb=1-7&_nc_sid=55d0d3&efg=eyJ2ZW5jb2RlX3RhZyI6InN2ZV9zZCJ9&_nc_ohc=5LbKw3uB3YQAX-bYRYo&_nc_rml=0&_nc_ht=scontent.fhan9-1.fna&oh=00_AfAMVcXnBeh_lumGQP4-C-f1-0uj3UEtKtgh8gmN1t8SPA&oe=6547C036,173,282,"{'thích': 396, 'yêu thích': 13, 'haha': 1, 'wow': 1, 'thương thương': 83, 'buồn': 239, 'phẫn nộ': 6}",739
749015600596361,"Every sachet counts.

Baby Ousseyni is eating ready-to-use therapeutic food thanks to a UNICEF-supported mobile health and nutrition clinic in Mali.

The special mix of nutrients, vitamins and minerals is helping children recover from severe malnutrition across the world.",2023-10-29 20:04:45,https://scontent.fhan9-1.fna.fbcdn.net/v/t39.30808-6/391694511_749015460596375_3326103118553148214_n.jpg?stp=cp0_dst-jpg_e15_fr_q65&_nc_cat=103&ccb=1-7&_nc_sid=5f2048&efg=eyJpIjoidCJ9&_nc_ohc=PlVFxn0MFFcAX-PQSO6&tn=VDpihwEKTDDf0p79&_nc_ht=scontent.fhan9-1.fna&oh=00_AfABY1ddFvzemsP6OsosduhB6HRciyaH3JCPfAmFWthEGA&oe=6548C90F&manual_redirect=1,,64,60,"{'thích': 941, 'yêu thích': 112, 'haha': 1, 'wow': 1, 'thương thương': 38, 'buồn': 1, 'phẫn nộ': 1}",1095
760140352817219,"Unrelenting attacks have taken a devastating toll on Gaza's children.

UNICEF is calling for an immediate ceasefire and for sustained and unimpeded access for humanitarian assistance.",2023-10-28 23:00:54,https://m.facebook.com/photo/view_full_size/?fbid=760140329483888&ref_component=mbasic_photo_permalink&ref_page=%2Fwap%2Fphoto.php&refid=13&_ft_=encrypted_tracking_data.0AY-Y_YC6d7u3G-\-\lNThXtshZb9LDk7I13qKZm9PJb0gl1avpQiMcjqCy4JFa9IpGyeXPj8IG2ju5GVGIFZ5ZsN_h1G9myIk_mAJMUrslFXVihNlx4tvqsj5byuvd2PTd_SGjTgF8gyS1ghWMYYeHbiuwf-5IbNqZdDl-RajzAmtSX5YOFztfNQGUpO7ihTerT_7HDCavHGiGIxWs3ldUu635V8e_0B-fP1EV8-7sBpKN0YwFWsadfToWoyqoKjoc3ygpFAGaxkDsNIzvxI9hgsK8uPh7vaJ0biPv5qror3JUPD5E_ggVChZFczgLl3nniJk6FQVnl-QEYva3_8EJNZFMz7pqstFuNbxzUph9J53I6J97ALzCkICBBSTLE2ya6s2mL-o_U68IRA78rf8IMywvvTOBkJBYPieNi-hrAA1rXbauvqR_FYBXqHJGSfMoXJLUaw1pC-TcAks1rHJqNy3TLMSzodbrMaLxPlGeIr9uNBUJfVppLItWNR9ZNa_JwkTpj8BHR1lsO24g-Zm4tUy7Ht0O_l5suv7I3yLZJlYVtrmfLq_oYt-i6D4tfic3xZUhTfe8oKsm_E9E1kf_NE8OeE2iL3XGV8jEtB8XMpjaTBA6wGly4nCK-G3t8Owgghb4TTPOZpw67cKrVhH-iN7TacGfzJ7KYW8cMZCQj5VfZoK-QssxwDQt-LFlE5V1A57m0aQ54PqHHF9t17SLoqKfkq4mzdG2aUpevdin8li2w4c3-ViOkKSP7iglrscCBG4N3yTIAyJ02axwPto_kXBl02nJVw3CiZoNOAXMlwo2MucH0vFNGrxmvhK6oMdqAhxq6s939wMr6xT-2uM5a8xuv4tCfIBXmnM7OHVi3DLL82FNrcbbvZZLUX0W6_DZtBGZrW5vj892GXXw-SNf5EyRmivXm5kf8yldYW_81I2j-_KOLTWB43evoxKdrhttLYJ-mUn93oKxXbFzAuqrvjgMziSqZi3B8V9CaHVwCcZATIcwQqbDlnj6RQk1qEKMZ_AB9TmiTaLpRyRFvhXQb17LZXn6Pd0yYxlKzFdnt0NQon-165imgg8EJePbYFT6q93QGLD9La3LO8NC-nU9xKSf0G2IB6LRARaq9tjeE7QuPvGRr5Gr2YkswOJcq-CbN2RktRlYf_Z9wYNGrozE_hTCKNYJy8L5gexgeW8qNEhA93Vn4ydI4P0BNaiRU3KzR4p1KBf6PHTrVghZ9NF_JH4_BNXGWsHzLm34JsIpRg-BdtI01r9wG4l53J6Aq4zWmBuJi4bq82bFjY9gqR81GC_9xmx6vXDkYHY2n9EYxFq2Ol1eNEJbvYyQWI07WIDO5RKfeqR4h3z6lkQpY1YxHSq2F7LTvJyVwhBqhF1uhd0y6W8WL4cT5S76478Hxr-uMGISzEjGzsxzVqWu2NSzkzWqmSYKT125mKmhMEACK0r29ydm2bgNenG-zRX_a0L_qN1Hii8wZGI&__tn__=%2Cg&paipv=0&eav=Afa32XkBy6pn-UzPLolivrQdi8ypkGWXMgfBk6xjpSfzoBDshH_rBZznxSeNOglj62A,,358,824,"{'thích': 1410, 'yêu thích': 220, 'haha': 9, 'wow': 3, 'thương thương': 273, 'buồn': 72, 'phẫn nộ': 5}",1992
759675549530366,All humanitarians and the children and families they serve MUST be protected.,2023-10-28 03:44:46,https://scontent.fhan9-1.fna.fbcdn.net/v/t39.30808-6/395886691_759675386197049_2670682008299134004_n.jpg?stp=cp0_dst-jpg_e15_fr_q65&_nc_cat=103&ccb=1-7&_nc_sid=5f2048&efg=eyJpIjoidCJ9&_nc_ohc=GjsXda8o9CMAX-NZ4jk&tn=VDpihwEKTDDf0p79&_nc_ht=scontent.fhan9-1.fna&oh=00_AfA2g8-yRQbZqerqQTBMWaR7mXW0ES6ICj7IZIXkwskVqA&oe=65491EF2&manual_redirect=1,,741,1512,"{'thích': 1190, 'yêu thích': 72, 'haha': 2, 'wow': 7, 'thương thương': 391, 'buồn': 1052, 'phẫn nộ': 20}",2734
758982566266331,"Children in Afghanistan have been severely impacted by the recent earthquakes.

To support their rising needs, more than 80 metric tons of UNICEF medical supplies arrived in Kabul.

But to reach every child, we need your help. Donate today: https://uni.cf/403F92F",2023-10-27 20:00:04,,https://scontent.fhan9-1.fna.fbcdn.net/v/t42.1790-2/394952186_298100069774061_7617915358399941157_n.mp4?_nc_cat=103&ccb=1-7&_nc_sid=55d0d3&efg=eyJ2ZW5jb2RlX3RhZyI6InN2ZV9zZCJ9&_nc_ohc=efp0a_HYd74AX8CvWlz&_nc_rml=0&_nc_ht=scontent.fhan9-1.fna&oh=00_AfA5a6dYckM9l_upSU3h9mDYtSpPK1xGm0C6FW1K_1eRkQ&oe=65494C38,171,113,"{'thích': 463, 'yêu thích': 20, 'wow': 3, 'thương thương': 83, 'buồn': 231, 'phẫn nộ': 3}",803
759310466233541,"A staggering 19 million children are out of school in Sudan as conflict rages on.

Millions of children and families have been displaced.

UNICEF is providing safe spaces for children to learn, play and get the mental health support they need.

You can help by donating today. https://uni.cf/3LuXsIe",2023-10-27 15:00:47,https://scontent.fhan9-1.fna.fbcdn.net/v/t39.30808-6/395789863_759310422900212_8429381387672094525_n.jpg?stp=cp0_dst-jpg_e15_fr_q65&_nc_cat=108&ccb=1-7&_nc_sid=5f2048&efg=eyJpIjoidCJ9&_nc_ohc=ji75Es0D7dkAX_BjnB7&tn=VDpihwEKTDDf0p79&_nc_ht=scontent.fhan9-1.fna&oh=00_AfCnwRSPatgWzrUe2yWb1rwYHCIYSthueCD0VXX85cT99w&oe=6547C83C&manual_redirect=1,,85,83,"{'thích': 814, 'yêu thích': 83, 'haha': 1, 'thương thương': 54, 'buồn': 68, 'phẫn nộ': 1}",1021
759008619597059,"From Al-Arish airport in Egypt, Ted Chaiban, UNICEF Deputy Executive Director, on the life-saving humanitarian supplies - including water and medical supplies - that are making their way to support Gaza’s children.

UNICEF is calling for an immediate ceasefire and for sustained and unimpeded access for humanitarian assistance.",2023-10-27 02:34:01,,https://scontent.fhan9-1.fna.fbcdn.net/v/t42.1790-2/394940308_24320058760940931_5911038855433434124_n.mp4?_nc_cat=100&ccb=1-7&_nc_sid=55d0d3&efg=eyJ2ZW5jb2RlX3RhZyI6InN2ZV9zZCJ9&_nc_ohc=FBY2IoGqNzEAX_rbTjz&_nc_rml=0&_nc_ht=scontent.fhan9-1.fna&oh=00_AfAu1voP-TUcIVRmkk_qnKOGVkoCRql88CPlU8PlTBkP5Q&oe=654922EB,182,131,"{'thích': 484, 'yêu thích': 55, 'wow': 3, 'thương thương': 80, 'buồn': 7, 'phẫn nộ': 2}",631
758872256277362,"Fuel means safe water.

Fuel means functioning health facilities.

And it is desperately needed in Gaza to operate hospitals, desalination plants and water pumping stations.

As limited, yet life-saving medicine,Xem thêm food and water enter Gaza on UN trucks, it’s critical that fuel is allowed through too.

The death toll will increase exponentially if hospitals don’t have electricity to function, if children continue to drink unsafe water and have no access to medicine when they get sick.",2023-10-26 22:23:31,,https://scontent.fhan9-1.fna.fbcdn.net/v/t42.1790-2/395840808_683106637117287_5863767566970265497_n.mp4?_nc_cat=101&ccb=1-7&_nc_sid=55d0d3&efg=eyJ2ZW5jb2RlX3RhZyI6InN2ZV9zZCJ9&_nc_ohc=j8puSwM6Wp8AX-iBzpM&tn=VDpihwEKTDDf0p79&_nc_rml=0&_nc_ht=scontent.fhan9-1.fna&oh=00_AfBNGV2IHXn3xCiCJTpxs7Xijm1TpDnr47il7MnVwAdsQw&oe=6547C7E5,156,220,"{'thích': 404, 'yêu thích': 28, 'wow': 1, 'thương thương': 106, 'buồn': 218, 'phẫn nộ': 3}",760
758637666300821,"Conflict in Sudan has displaced millions of people.

Many children and families in the Darfur region crossed borders to seek safety.

This is how UNICEF is reaching children who are still in the conflict zone with life-saving supplies.",2023-10-26 15:01:47,,https://scontent.fhan9-1.fna.fbcdn.net/v/t42.1790-2/395779747_297337913237755_4314436484549411255_n.mp4?_nc_cat=105&ccb=1-7&_nc_sid=55d0d3&efg=eyJ2ZW5jb2RlX3RhZyI6InN2ZV9zZCJ9&_nc_ohc=oTynzSmaUqoAX-aLtLF&tn=VDpihwEKTDDf0p79&_nc_rml=0&_nc_ht=scontent.fhan9-1.fna&oh=00_AfCagEOF0tsbpjsXiV0L8i-8VzgEWWZiZDEE_eQn21mwYg&oe=65487BC1,66,66,"{'thích': 307, 'yêu thích': 15, 'haha': 1, 'wow': 3, 'thương thương': 68, 'buồn': 9, 'phẫn nộ': 2}",405
758304583000796,"“The footage of children being rescued from beneath the rubble, injured and in distress, while trembling in hospitals as they await treatment, portrays the immense horror these children are enduring.

ButXem thêm without humanitarian access, the deaths from attacks could be the tip of the iceberg.”

Adele Khodr, UNICEF Regional Director for the Middle East and North Africa on the escalating crisis in Gaza.

While some UNICEF supplies of water, medicine and hygiene kits have reached Gaza, we have many more life-saving supplies ready and waiting.

We're calling for all access crossings into Gaza to be opened for a safe, sustained and unimpeded access of humanitarian aid, including water, food, medical supplies, and fuel.",2023-10-26 02:00:04,https://scontent.fhan9-1.fna.fbcdn.net/v/t39.30808-6/395266104_758304366334151_8441742760954144284_n.jpg?stp=cp0_dst-jpg_e15_fr_q65&_nc_cat=111&ccb=1-7&_nc_sid=5f2048&efg=eyJpIjoidCJ9&_nc_ohc=PtCwbx-HHqQAX9IDate&_nc_ht=scontent.fhan9-1.fna&oh=00_AfAI91-WF93UBYfc21E421xB7NwD2e0vRKb5uJckksK1Rg&oe=654869D7&manual_redirect=1,,335,839,"{'thích': 1335, 'yêu thích': 74, 'wow': 3, 'thương thương': 176, 'buồn': 548, 'phẫn nộ': 11}",2147
758282949669626,"Children in Gaza have been hearing these ear-shattering sounds constantly for the last two weeks.

UNICEF is calling for an immediate ceasefire and for sustained and unimpeded access for humanitarian assistance.",2023-10-26 00:41:17,,https://scontent.fhan9-1.fna.fbcdn.net/v/t42.1790-2/394683440_1408913642997926_8456097415187315363_n.mp4?_nc_cat=106&ccb=1-7&_nc_sid=55d0d3&efg=eyJ2ZW5jb2RlX3RhZyI6InN2ZV9zZCJ9&_nc_ohc=JBBuvF6ac9gAX_oFFbP&_nc_rml=0&_nc_ht=scontent.fhan9-1.fna&oh=00_AfAT87MMHBHfvQbgAARBEJIvlHJJ9uuhg7zXQg3C--GYfA&oe=6547FE77,301,696,"{'thích': 524, 'yêu thích': 26, 'haha': 1, 'wow': 5, 'thương thương': 109, 'buồn': 463, 'phẫn nộ': 23}",1151
757651779732743,"Baby Medina in Ethiopia was so malnourished her mother was worried she wouldn’t make it.

This is how a special milk and paste provided by UNICEF helped her recover.",2023-10-25 23:00:06,,https://scontent.fhan9-1.fna.fbcdn.net/v/t42.1790-2/394295193_854514919614922_660960928185604923_n.mp4?_nc_cat=104&ccb=1-7&_nc_sid=55d0d3&efg=eyJ2ZW5jb2RlX3RhZyI6InN2ZV9zZCJ9&_nc_ohc=TQ7NWRpzLNEAX9Po8Ry&_nc_rml=0&_nc_ht=scontent.fhan9-1.fna&oh=00_AfAmjyOE7RpLoe-IQCs2ghdZYZl0eydSAhtER09bAc2U-w&oe=65489126,31,43,"{'thích': 336, 'yêu thích': 59, 'wow': 2, 'thương thương': 83, 'buồn': 16}",496
757617969736124,"In Sudan, a generation's future is at stake.

With the ongoing conflict, more than 19 million children have been denied their right to learn.

Children need access to quality education.",2023-10-25 15:00:10,,https://scontent.fhan9-1.fna.fbcdn.net/v/t42.1790-2/395295800_1033940664613922_8146520979446956914_n.mp4?_nc_cat=104&ccb=1-7&_nc_sid=55d0d3&efg=eyJ2ZW5jb2RlX3RhZyI6InN2ZV9zZCJ9&_nc_ohc=_gDJ20rPATEAX-YeOuk&_nc_rml=0&_nc_ht=scontent.fhan9-1.fna&oh=00_AfDBgaV6eiDY1VAjKOwBFswMWOrGR7OfbjanOOEjHs06aQ&oe=6547E83F,41,69,"{'thích': 416, 'yêu thích': 43, 'wow': 2, 'thương thương': 50, 'buồn': 13}",524
757675959730325,"Fuel means safe water.

Fuel means functioning health facilities.

And it is desperately needed in Gaza to operate hospitals, desalination plants and water pumping stations.

We’re calling for the urgent openingXem thêm of all access crossings into Gaza so that fuel and other life-saving supplies can reach the children and families in need.

Lives depend on it. Time is running out.",2023-10-25 04:00:31,https://scontent.fhan9-1.fna.fbcdn.net/v/t39.30808-6/395734447_757675939730327_827481690779811170_n.jpg?stp=cp0_dst-jpg_e15_fr_q65&_nc_cat=104&ccb=1-7&_nc_sid=5f2048&efg=eyJpIjoidCJ9&_nc_ohc=3CHmGRQApzAAX9P9dLh&tn=VDpihwEKTDDf0p79&_nc_ht=scontent.fhan9-1.fna&oh=00_AfAQOMQUpYYKiBjyUIZU0AJkOyvHeBzZ8OReBDsUaDGWnQ&oe=65489F4D&manual_redirect=1,,125,100,"{'thích': 650, 'yêu thích': 58, 'haha': 3, 'wow': 2, 'thương thương': 88, 'buồn': 16}",817
757645556400032,"Unrelenting attacks have taken a devastating toll on Gaza's children, with a reported 2,360 fatalities and 5,364 injuries.

More than 30 Israeli children have reportedly lost their lives.

We urgently appeal for a ceasefire, humanitarian access, and the release of hostages.",2023-10-25 02:46:58,,,146,230,"{'thích': 526, 'yêu thích': 19, 'wow': 5, 'thương thương': 92, 'buồn': 338, 'phẫn nộ': 6}",986
756884483142806,"“Every day we visit about 100 homes, vaccinating about 170 to 180 children.”

Community workers like Bahareh are essential in the effort to #EndPolio in Afghanistan.

Together, governments and communities can bring support and resources to the people working to end this disease once and for all.",2023-10-25 02:00:20,,https://scontent.fhan9-1.fna.fbcdn.net/v/t42.1790-2/393507296_24334392476174889_7098854967000064548_n.mp4?_nc_cat=104&ccb=1-7&_nc_sid=55d0d3&efg=eyJ2ZW5jb2RlX3RhZyI6InN2ZV9zZCJ9&_nc_ohc=0QsxgGThsp8AX-r63cS&_nc_rml=0&_nc_ht=scontent.fhan9-1.fna&oh=00_AfDSgdr0cVCI0GO8nmpLHOGcNwC3BBTzshi8GcHZrBvs3g&oe=65488F96,42,49,"{'thích': 429, 'yêu thích': 58, 'thương thương': 34, 'phẫn nộ': 1}",522
757498656414722,"Two-thirds of refugee children in Armenia are enrolled in school, one month after more than 21,000 school-age children fled their homes. Yet 1 in 3 remain without access.

As UNICEF scales up education and mental health support, we’re calling for urgent investment.

",2023-10-24 23:01:23,,,38,21,"{'thích': 406, 'yêu thích': 22, 'wow': 1, 'thương thương': 43, 'buồn': 3}",475
756875769810344,"During times of conflict, healthcare systems are often impacted, leaving children especially vulnerable to illness.

In the Democratic Republic of the Congo, vaccinators like Basemi are doing everything they can to ensure that displaced children are protected against polio.

#WorldPolioDay",2023-10-24 20:00:58,,https://scontent.fhan9-1.fna.fbcdn.net/v/t42.1790-2/393599658_814540363795371_2044330005245236187_n.mp4?_nc_cat=110&ccb=1-7&_nc_sid=55d0d3&efg=eyJ2ZW5jb2RlX3RhZyI6InN2ZV9zZCJ9&_nc_ohc=k8uhE9chc4QAX_051UE&_nc_rml=0&_nc_ht=scontent.fhan9-1.fna&oh=00_AfCr9I38dokjZEV_CUR1xV3SieF74zJb1HNv1W8cWEjaSg&oe=6547EDCF,44,83,"{'thích': 452, 'yêu thích': 66, 'wow': 2, 'thương thương': 49, 'buồn': 9}",578
756801836484404,"A first - but limited - shipment of life-saving supplies from UNICEF entered Gaza on Saturday.

To save children's lives, much more is needed, warns Ted Chaiban, UNICEF Deputy Executive Director.

UNICEF has prepositioned more supplies, but we need immediate, unrestricted humanitarian access throughout Gaza.",2023-10-24 01:00:45,,https://scontent.fhan9-1.fna.fbcdn.net/v/t42.1790-2/393601597_308558971937069_806398429169483098_n.mp4?_nc_cat=109&ccb=1-7&_nc_sid=55d0d3&efg=eyJ2ZW5jb2RlX3RhZyI6InN2ZV9zZCJ9&_nc_ohc=tDGPTcDwUHQAX95rjsc&_nc_rml=0&_nc_ht=scontent.fhan9-1.fna&oh=00_AfAE1N0zybSEX394aZ5hQ_gPF76728-1Ut2l0hEF3wYomQ&oe=6548549D,241,225,"{'thích': 501, 'yêu thích': 46, 'haha': 1, 'wow': 5, 'thương thương': 42, 'buồn': 227, 'phẫn nộ': 6}",828
756792829818638,"Following a deadly earthquake in Afghanistan, UNICEF has delivered more than 80 tonnes of medical supplies for children and their families.

These include medicines and medical equipment as well as midwifery and surgical kits.

",2023-10-24 00:00:43,,,40,24,"{'thích': 361, 'yêu thích': 21, 'wow': 1, 'thương thương': 47, 'buồn': 4}",434
756030249894896,"Our colleague on the ground in Gaza describes the devastation around her, and the urgent and immense needs for food, water, medicine and fuel.

As the first life-saving UN supplies enter Gaza, UNICEF calls forXem thêm the protection of civilians, humanitarian workers and services children and families rely on - including water systems, schools and hospitals.",2023-10-22 22:30:51,,https://scontent.fhan9-1.fna.fbcdn.net/v/t42.1790-2/393410331_867538461443829_5602809480214178493_n.mp4?_nc_cat=105&ccb=1-7&_nc_sid=55d0d3&efg=eyJ2ZW5jb2RlX3RhZyI6InN2ZV9zZCJ9&_nc_ohc=MdvUHzvq0-AAX_TemGr&_nc_rml=0&_nc_ht=scontent.fhan9-1.fna&oh=00_AfDNEm4vZsGFuTXeV6LGEqRHinvNbafARY2S1KM96qxSKQ&oe=6547ACD2,303,279,"{'thích': 396, 'yêu thích': 26, 'haha': 1, 'wow': 3, 'thương thương': 85, 'buồn': 252, 'phẫn nộ': 2}",765
755897276574860,"Political turmoil
Armed violence
Crippling poverty
Natural disasters

A deadly combination of threats continues to jeopardize the survival, safety and well-being of Haiti’s children. This is how UNICEF is responding.",2023-10-22 17:00:28,,,63,31,"{'thích': 377, 'yêu thích': 36, 'thương thương': 44, 'buồn': 5}",462
755533059944615,"The first UN supplies of water, food and medicine have entered Gaza.

To save children's lives, much more is needed.

We continue to call for a ceasefire to protect civilians and humanitarian workers, and ensure safe and sustained access to aid.",2023-10-22 01:00:06,,https://scontent.fhan9-1.fna.fbcdn.net/v/t42.1790-2/393205134_846901307104716_1007116666519524916_n.mp4?_nc_cat=107&ccb=1-7&_nc_sid=55d0d3&efg=eyJ2ZW5jb2RlX3RhZyI6InN2ZV9zZCJ9&_nc_ohc=kgxrqBiQO68AX-MdqQ4&_nc_rml=0&_nc_ht=scontent.fhan9-1.fna&oh=00_AfAiYorGr1OE6UFTo1GGlVkOtAQC7zSWlDy4FjvM6moE6A&oe=6547B989,222,307,"{'thích': 772, 'yêu thích': 166, 'wow': 2, 'thương thương': 127, 'buồn': 21, 'phẫn nộ': 2}",1090
754897493341505,"Conflict in Sudan is disrupting regular immunization efforts for millions of children in the country.

This is how UNICEF and partners are working to ensure children are protected from harmful diseases.",2023-10-21 20:00:17,,https://scontent.fhan9-1.fna.fbcdn.net/v/t42.1790-2/392965581_706244954290811_8233276721759868501_n.mp4?_nc_cat=110&ccb=1-7&_nc_sid=55d0d3&efg=eyJ2ZW5jb2RlX3RhZyI6InN2ZV9zZCJ9&_nc_ohc=-QV8sKa6ZqkAX-Ny-BB&_nc_rml=0&_nc_ht=scontent.fhan9-1.fna&oh=00_AfBtvExLksdPmXyWRkOFBiniCQJpP-qAjRDVrw1UdwMlrw&oe=65485393,44,51,"{'thích': 377, 'yêu thích': 49, 'thương thương': 73, 'buồn': 9, 'phẫn nộ': 1}",509
755388069959114,"The first UNICEF deliveries of life-saving supplies for children have entered #Gaza as part of a convoy with the Red Crescent, World Health Organization (WHO) and World Food Programme.

We renew our appeal for sustained humanitarian access as the situation worsens.

",2023-10-21 19:23:38,,,84,101,"{'thích': 804, 'yêu thích': 129, 'thương thương': 35, 'buồn': 3}",971
755328303298424,"Ten-year-old Sefafullah, together with his uncle and one of his brothers, unpacks essential kitchen items provided by UNICEF.

He is a survivor of the recent earthquakes in Afghanistan and his story is one ofXem thêm unimaginable loss.

""I was walking on the road near my house when the earthquake suddenly happened. My five-year-old brother was collecting water at our neighbour's house and died as the roof collapsed. I have lost all hope. All our possessions were destroyed. I'm so fearful of the coming winter and the snowfall.""

UNICEF is there for the children of Afghanistan. Donate today and boost our efforts. https://uni.cf/403F92F",2023-10-21 17:01:46,https://m.facebook.com/photo/view_full_size/?fbid=755328283298426&ref_component=mbasic_photo_permalink&ref_page=%2Fwap%2Fphoto.php&refid=13&_ft_=encrypted_tracking_data.0AY_qtaLAo7UkUURtuYfvQzfMumQ8MmVnl8CTACzLUzyItl9i0EiMwI968YvfhziMeSW3DM-_IWIC8VVkaLKmzJ8KL7cdwiFvw860jDxXrdo75uF2ANjV42v_p3pwlt5No3WNZtnKIxLGjVD1mskFlw46-oiJa4wRxV4crh6PEi9_j1MF_TgLPC3ziNnJ2CGw4cCbQ6DFoyMzglUDS4cbclRdUGAUvSVdnkmIsIc5wAu1-8jWvGJyZ4VWqeFh9JEIE4vXbRYGn9I7WK-gDC74UGySVAYWhPhJW08xIVT1u1q41SYEiummr2-FeR6N-U2Tkq96Zg4uORySt2trYZcTWCMcYRPRDE-CfYxlEeRvA6I8tj3AiEXU0dhz_F37oTeNylFP7sRnfWMGNHsVw-g4UYiDCnrGrHdQ8TdAUE5c-z4yIoBWyeUsEUlXkU9uw0GZbSAWuR_ZT9bre-\-\Vpq-OdCnI6_BshWZDZsaBoPmy4TkRG3pDhRktDs3fU150kTCGrcamXyOv87mVX312oGfR5Lth3ak5y_BRuFfHOHW6MwgOr7B00hskoYyvuEn929sUgKXifQtiQBNJvZTrcRmhO5akgfOV15JyKetogLiy-bBiWsgF6CsNU7Gd24FyIwrx8Fz8bL4vohBstaSKalmgvmlNRjMmuMfmRCp-Vwen0e-VVw78haW4HRJEi_UfTY8_RhK3-H5k6P_M_ulkPg8zdjYU34ANzmXIziNGH-Y6COwUzmlDSsE7aUQbVESLkbZ_SO4mgi0oKHTZS57xVMzn9z_-ah-78Y-c4lcQeLXnGxhjleU4CdRJUFS4WPPSafSPLPMk_TjcT9AZhZ7nHiWjrEVTIW-LWOBDFe7mNY3_K8Bi1mtxgeafhbkP-rTnClznsrSzwMYxwobYcHCLO5BJu4MNJg2yx38On3z5SStcntgb6kTOpm4Fn6rwTPjLaQPAuAFmYzXgKQXxnhaKOiBhzU1NsF-9zXvNEA-9YkyNMRrQWQNwG4alUY9Q2elrpNdaAUheI_Q-EZA-kNcghVfyLkp3XpzGTg3gdSgidV2ESFt7nPZy8Bzl-JqfFp69CU5MAsrjGwgpYPethAFVnvDtG7V6-RCgTegHgVdMfKUNJS146lv2g0yjduhNF8IBRwh0iVeoFEfI6DW6h0TM_MMlp24PmVAlwXwOjGsQ1OQTMSAljgqXuWDBxGr5uj7jAF5i_2QgPcXhiDD0jZYb4KrYw0uJ_mEWQ1QKe_02ng5fZHJZqB8WkHEm4XkVjH1BNCp5vqtq047Pmddr9Qu9_c2XzcsyMwglgk_mzhbmPnuX4S65OKyYoK6y2Ap49EaJlfC1TPD7w6c8LbeWETFwJ3oN2cEYswdDibZCLhKiiWU34EumJZ8XwQG2xuzFz6-hENPVR_eUFFR_xjuGWHqH7xTvUKlEo-MevJcAWQmW1Mh4gRgp1QirbQah41SJhNHs2tFtAN7JlazPoJhO&__tn__=%2Cg&paipv=0&eav=Afb-GWmCJIe-u0C6TWSlKILqJmHjoZYpvp6QVrFszc64j-VVNpHJWCs-FwgJWxeBQF4,,50,47,"{'thích': 594, 'yêu thích': 80, 'wow': 2, 'thương thương': 95, 'buồn': 12}",783
755018866662701,"UNICEF supplies are standing by and ready to go for the children of Gaza.

We need unhindered access and safe delivery of life-saving supplies.

The needs are immense. Time is running out.",2023-10-21 03:00:56,,https://scontent.fhan9-1.fna.fbcdn.net/v/t42.1790-2/392973032_1777263909360614_991790424875561802_n.mp4?_nc_cat=106&ccb=1-7&_nc_sid=55d0d3&efg=eyJ2ZW5jb2RlX3RhZyI6InN2ZV9zZCJ9&_nc_ohc=xCoIQnx-Er8AX8xbRyf&tn=VDpihwEKTDDf0p79&_nc_rml=0&_nc_ht=scontent.fhan9-1.fna&oh=00_AfBYYGqRGNQ1RzAHlSRsH6ZGzBEwWa8SIl1xOBnrcwhBPQ&oe=6548E094,212,219,"{'thích': 660, 'yêu thích': 46, 'haha': 1, 'wow': 2, 'thương thương': 101, 'buồn': 161, 'phẫn nộ': 2}",973
754955603335694,"The delivery of aid is a matter of life or death for children in Gaza.

Water, food, medicine, fuel and other essentials are all running out.

UNICEF has sent crucial supplies to Egypt near the crossing to Gaza but we need an immediate humanitarian pause and urgent access to meet the needs of children and families.",2023-10-21 00:25:36,https://m.facebook.com/photo/view_full_size/?fbid=754955590002362&ref_component=mbasic_photo_permalink&ref_page=%2Fwap%2Fphoto.php&refid=13&_ft_=encrypted_tracking_data.0AY_pw5uz139MRurtjCKHudUhv0dwM1-ZtbPvpWhMl-QnQMCvloIUDbNl1DDMPMGXLLsnEELSAWwgPgwx7XitwL_ugkou9tZ-XWRwHbymDqDu5H0MTcgFsLVkqAoikakDk5Csss6TNiGqh6OVeUbNCHnKSlh-gvRt4-dqotRO4lDDxCkBUUNheQjk7Y0oKwcM5CnMt9t0_nTUonb_gJJ8gEjMfCwIqS-iL064Uc9ifYhxQ0Y5yCF42VtoxPpezrP5AyeK-tl8HHZhn9BSL2T2GxOtVzpJBjHGk-pONbUjgBChRLdlrBCb0VezzCBF5NySvMK7KlY9pxiLcK9xH-qrHH3m1uJobfzdZto8HY7psEEIWZgG_1VBo-r2GRvXIkD71h255OAv5bmVOZhEz9dGRaXphO_HALV42_CRlIX2-B9Vc-azOMzBKVBhTYLWavDtDx4qN7QaaADN0AjCFUolbQhUEFWEhAtCcLcuGGzASGpCChdOMVRgp7Hl6jasKxdEQ9PA1yA9N7TVoc5qXP8HAex9iRH6xHqZUo8Ih2OVt11rt64UWmCY39zmHnJK8bmaikv15uvYkl8n5PC4ej0_dpWoUqR3HJdXcZV-oTLujuxxW67LS_jGMgXoaR9KKzh1R91pwbLEk4hC1Xqu3Gca06zGY4IQSopDGxPty3J0KhxPYhfHufg3RT831ipGQkEV5A7Zl_TZsBL9qGDyjZoezI1nFONa0Sb-fR-O1qSUOtQYPGcmUH0pHXyqbfeYptg1ixloqAqSI9rUB4Pd9hf-ofHL4WUwksLBdEkhorPfM5H-rhxnqlxW6ufh1x9z3X6gW0yIDS1HcDjNso0JuS-iL-VitYpCv_mXx7OhjPRqmuUCz0o6FVvaY8fxOv5hPQBPliy9NWgQNbAnbPtwi8i66-fWXZlDe-MexBa7R2BeVR6x97suSDhmNvNuuA_kHpoxjvkrzlCsVAJUjOTvbo8tqAVsWd4Af6QO-6F-APv1ikf79gStc8H9cJGwtqLwFAupj9XSbPJC37Rpyfj62cNRVwvBaLdWdK81yJQF-\-\7UcUNQMwE9cgGkE7Y2jGwf5mChpHgpxBaON5_OZ8Ws0-HciYhv7GxB_yMdaW-jT423CyjOgLfiYzqD9g5RvuPnFy1H0yMmkfyfprpqMZuCOc6KrgMjfxdLUUP6EbLpuCooYkGZfel8FdgiL8rtj666ZVA0m8QZDNWQoTcJAHk1qKDpZB2PxakE2zm49oMjWMv_qexcmWMCJj3pHG0Om-srnaM8ScIu60w1WLSH8mlwvDU5NhAlsIEzM7JL0o8BXBPJqaUMqV1-x9kAjeLtp7ACrLGEc3YR9DR9WWu33GXEA09ss4IzzzYV7KW-DeiJxdlMm1r5e4UOE2oahKrrb-q2gzLzpsAjPjdf_zDtPjPx2F852G_g_csOWJ0uFmhuHkvNxJcXpY3t8K0JJz7gNvZOvpkPgg_lM4HOgD4&__tn__=%2Cg&paipv=0&eav=AfbSiGkPTtlJ2JxRMB7xwp-HUaLlSHPzYZifhGdD_wIAjOfQhnyjkJjlNih_S6uJiJo,,544,404,"{'thích': 1178, 'yêu thích': 42, 'haha': 3, 'wow': 2, 'thương thương': 98, 'buồn': 887, 'phẫn nộ': 13}",2223
754888560009065,"Water systems in the Gaza Strip have been heavily impacted by the war.

Clean water is running out.

UNICEF has sent water and sanitation supplies to Egypt near the crossing to Gaza but we need an immediate humanitarian pause and urgent access to ensure their safe delivery.",2023-10-20 22:14:59,,https://scontent.fhan9-1.fna.fbcdn.net/v/t42.1790-2/392955948_532661099066141_6634986449189269721_n.mp4?_nc_cat=103&ccb=1-7&_nc_sid=55d0d3&efg=eyJ2ZW5jb2RlX3RhZyI6InN2ZV9zZCJ9&_nc_ohc=KtJKU695L8sAX_noSbj&_nc_rml=0&_nc_ht=scontent.fhan9-1.fna&oh=00_AfB8hVdIJ-p0ZsUSLsYJrJLl3Oq5MLY7IBE3bt7CnjdZAA&oe=65490E2E,89,80,"{'thích': 373, 'yêu thích': 22, 'thương thương': 53, 'buồn': 166, 'phẫn nộ': 3}",617
754363473394907,"UNICEF supplies are standing by and ready to go for the children of Gaza.

They include water, hygiene kits, mobile latrines, thermal blankets, water purification tablets, medicine and medical equipment.

We need unhindered access and safe delivery of life-saving supplies.

The needs are immense. Time is running out.",2023-10-20 03:29:34,https://scontent.fhan9-1.fna.fbcdn.net/v/t39.30808-6/391748873_754363156728272_1851762869830033747_n.jpg?stp=cp0_dst-jpg_e15_fr_q65&_nc_cat=108&ccb=1-7&_nc_sid=5f2048&efg=eyJpIjoidCJ9&_nc_ohc=xbeg2JlegX0AX-RbLaY&_nc_ht=scontent.fhan9-1.fna&oh=00_AfAGDOqoIasTunMIGycrZNzghbuq9zRXyzBQjdepdMgjcQ&oe=6548C55F&manual_redirect=1,,367,297,"{'thích': 2525, 'yêu thích': 489, 'haha': 8, 'wow': 3, 'thương thương': 273, 'buồn': 25, 'phẫn nộ': 6}",3329
754307010067220,"This is how the recent earthquakes in Afghanistan have impacted families:

⚠️ Over 1,000 people reportedly killed
⚠️ 90 per cent of fatalities have been women and children
⚠️ More than 1,800 injured

UNICEF is supporting children on the ground - donate today and boost our efforts.",2023-10-20 01:02:58,,,44,44,"{'thích': 411, 'yêu thích': 25, 'wow': 2, 'thương thương': 64, 'buồn': 149}",651
754186393412615,"Earlier this week, UNICEF water tanks distributed drinking water to families in the Rafah governorate, southern Gaza.

The majority of the water systems in the Gaza Strip have been heavily impacted by the warXem thêm and clean water is running out. Our supplies are too.

UNICEF has sent water and sanitation supplies to Egypt near the crossing to Gaza, but we need an immediate humanitarian pause and urgent access to ensure their safe delivery to children and families in need.",2023-10-19 22:29:17,https://scontent.fhan9-1.fna.fbcdn.net/v/t39.30808-6/391619396_754186023412652_407447210597101421_n.jpg?stp=cp0_dst-jpg_e15_fr_q65&_nc_cat=106&ccb=1-7&_nc_sid=5f2048&efg=eyJpIjoidCJ9&_nc_ohc=Nf4kQ_tv3KwAX9sMg2l&_nc_ht=scontent.fhan9-1.fna&oh=00_AfCVLt6A8uSwYI2_xnSQHpkYuTC9aFI8_cIJWFq7nRqYKQ&oe=654886B4&manual_redirect=1,,180,148,"{'thích': 1334, 'yêu thích': 160, 'haha': 4, 'wow': 4, 'thương thương': 99, 'buồn': 265, 'phẫn nộ': 3}",1869
753647016799886,"Baby Sanad was vomiting, dehydrated and extremely weak from deadly severe malnutrition in Yemen.

After his mother Raneem raced him to the hospital, this is the treatment which helped save his life.",2023-10-19 07:00:36,,https://scontent.fhan9-1.fna.fbcdn.net/v/t42.1790-2/392965273_248959058168882_6331077071843170668_n.mp4?_nc_cat=100&ccb=1-7&_nc_sid=55d0d3&efg=eyJ2ZW5jb2RlX3RhZyI6InN2ZV9zZCJ9&_nc_ohc=LE26HaTFl0kAX_HPsNp&_nc_rml=0&_nc_ht=scontent.fhan9-1.fna&oh=00_AfCVC1mEk_SjIWd0s5vGJlZp9HLkY0V5uX5TTwXfukfMKA&oe=65479D17,151,73,"{'thích': 437, 'yêu thích': 41, 'wow': 2, 'thương thương': 90, 'buồn': 78}",648
753509653480289,"Food, water, fuel and medical supplies are on the verge of running out in Gaza.

To meet the huge needs, UNICEF and other UN agencies have sent supplies to Egypt near the crossing to Gaza.

We need an immediate humanitarian pause to ensure unhindered and safe delivery of life-saving supplies to children and families in need.",2023-10-18 22:22:03,https://scontent.fhan9-1.fna.fbcdn.net/v/t39.30808-6/391609947_753509206813667_8722867186360412627_n.jpg?stp=cp0_dst-jpg_e15_fr_q65&_nc_cat=100&ccb=1-7&_nc_sid=5f2048&efg=eyJpIjoidCJ9&_nc_ohc=xOhhDkB-VfMAX_UfIXT&_nc_oc=AQkTtCANcefoLCS9fQEsjtAKJj4VUb_Lx-Z__I0Y58WVQpn-CMCmALwAbEOPVR9rrFA&tn=VDpihwEKTDDf0p79&_nc_ht=scontent.fhan9-1.fna&oh=00_AfDEeH2VLAIYr0qPXCISrzsKKLUwQzU8rg54gcMf47EOXg&oe=65494A5F&manual_redirect=1,,438,248,"{'thích': 2020, 'yêu thích': 221, 'haha': 2, 'wow': 3, 'thương thương': 127, 'buồn': 384, 'phẫn nộ': 5}",2762
753481950149726,"Dozens of children were evacuated from their school in Haiti, where they had been trapped for three days amid violent clashes between rival armed groups.

This is how UNICEF Haiti supported their release and recovery.",2023-10-18 21:03:37,,,144,29,"{'thích': 455, 'yêu thích': 31, 'haha': 1, 'wow': 2, 'thương thương': 34, 'buồn': 48, 'phẫn nộ': 5}",576
753049700192951,Statement by UNICEF Executive Director Catherine Russell on the deaths and injuries of children at Al Ahli Hospital in the Gaza Strip.,2023-10-18 05:22:06,,,819,114,"{'thích': 509, 'yêu thích': 16, 'haha': 1, 'wow': 1, 'thương thương': 27, 'buồn': 156, 'phẫn nộ': 60}",770
752983303532924,"UNICEF strongly condemns the strike on the Al Ahli Arab Hospital in Gaza with hundreds of civilians reported killed and injured.

We call for the protection of all civilians, including children, and the infrastructure they rely on.

We need an immediate ceasefire and humanitarian access.",2023-10-18 02:40:24,https://scontent.fhan9-1.fna.fbcdn.net/v/t39.30808-6/393519965_752983273532927_6245864320149811600_n.jpg?stp=cp0_dst-jpg_e15_fr_q65&_nc_cat=101&ccb=1-7&_nc_sid=5f2048&efg=eyJpIjoidCJ9&_nc_ohc=dcfiscEpBY8AX9hC48D&_nc_ht=scontent.fhan9-1.fna&oh=00_AfDSCIwpeC4NcMtkxYSWNh4WZL36iTN8XwP8eKxE3XXswg&oe=6548E78D&manual_redirect=1,,1299,1501,"{'thích': 1597, 'yêu thích': 63, 'haha': 9, 'wow': 3, 'thương thương': 88, 'buồn': 915, 'phẫn nộ': 342}",3017
752924743538780,"Children and families in Afghanistan are reeling from the impacts of multiple earthquakes and aftershocks.

Many have lost their loved ones and their homes.

UNICEF continues its work supporting children, but we need your help. Donate today. https://uni.cf/403F92F",2023-10-18 01:00:44,,https://scontent.fhan9-1.fna.fbcdn.net/v/t42.1790-2/388920881_671776194702628_6283526462506440628_n.mp4?_nc_cat=109&ccb=1-7&_nc_sid=55d0d3&efg=eyJ2ZW5jb2RlX3RhZyI6InN2ZV9zZCJ9&_nc_ohc=GAFZ1snj5psAX_W61EW&_nc_rml=0&_nc_ht=scontent.fhan9-1.fna&oh=00_AfCN8i0_zSTAJISFUUt7xt4hb51UPUkzU1kk0_h__AUyPQ&oe=65484A76,204,85,"{'thích': 419, 'yêu thích': 20, 'haha': 1, 'wow': 3, 'thương thương': 48, 'buồn': 171, 'phẫn nộ': 2}",664
752857210212200,"UNICEF calls for an immediate humanitarian pause to ensure unhindered and safe access to children in need - no matter who they are or where they are.

Children in Gaza need life-saving support and every minute counts.",2023-10-17 23:00:10,,https://scontent.fhan9-1.fna.fbcdn.net/v/t42.1790-2/388920125_1080722636426741_364858383314822364_n.mp4?_nc_cat=101&ccb=1-7&_nc_sid=55d0d3&efg=eyJ2ZW5jb2RlX3RhZyI6InN2ZV9zZCJ9&_nc_ohc=uPKHAMF5GLQAX_Cqzno&_nc_rml=0&_nc_ht=scontent.fhan9-1.fna&oh=00_AfA80mFbMGByVmT12xK7g1avhIao4VHa7hy18g4oXZB_WQ&oe=6548DF8C,304,199,"{'thích': 435, 'yêu thích': 35, 'wow': 2, 'thương thương': 62, 'buồn': 256, 'phẫn nộ': 9}",799
748317797332808,"Baby Hafsat was extremely ill.

Her mother, fearful about her daughter's painfully thin frame, took her to a UNICEF-supported clinic in Nigeria.

There, she was diagnosed with severe malnutrition and givenXem thêm ready-to-use therapeutic food, a paste packed full of calories, vitamins and nutrients, for her to take at home.

After two months of treatment and visits from a community health worker Hafsat is now so much happier and healthier.

To make sure no child goes through what Hafsat went through, UNICEF is calling for governments to urgently invest in quality nutrition services.",2023-10-17 20:00:01,https://scontent.fhan9-1.fna.fbcdn.net/v/t39.30808-6/387058473_748317417332846_709923559750698015_n.jpg?stp=cp0_dst-jpg_e15_fr_q65&_nc_cat=106&ccb=1-7&_nc_sid=5f2048&efg=eyJpIjoidCJ9&_nc_ohc=9CfEJ7mrBFsAX-gzhsr&_nc_ht=scontent.fhan9-1.fna&oh=00_AfDOLJZvEMnqIjmD1mIgi-817pdk_bhyZIIpUlzpLnDu2A&oe=654925AE&manual_redirect=1,,84,69,"{'thích': 758, 'yêu thích': 109, 'haha': 2, 'wow': 2, 'thương thương': 116, 'buồn': 26, 'phẫn nộ': 1}",1014
752320570265864,"Children and families in Gaza have practically run out of water.

They are now forced to use dirty water from wells, increasing risks of waterborne diseases.

We need an immediate humanitarian pause to ensure unhindered and safe access to children and families in Gaza.",2023-10-17 01:05:08,https://m.facebook.com/photo/view_full_size/?fbid=752320556932532&ref_component=mbasic_photo_permalink&ref_page=%2Fwap%2Fphoto.php&refid=13&_ft_=encrypted_tracking_data.0AY_-E5KhniD6BlNgQzFOVj3Vhg-NtBqaiY8KEDE_oWwD66Ybqqacciisrs-gNn_XGnMoeiNaetQcTReB5XyFQbpNd0DtoHuWWCmkpc0X2vZrVqdyXJUYcebaFd7pBcKuz2wPD5QjlZ5mSCPxxfVG4rHnx2pjnBcTfV3XMVm1dcn3tfP2sEEFqLh_NANCxDrVk0iFyTrApKvlSEYKJv6aZkCMsTt4_yN5DjXD1zjEQCBqEfHsPIJ2-8GnQ_omIS2-lxkfsNmiRu09-DxZYLaiezj2BP9vGwVpGckJP1G6P_JYfdbrwHpu65vNwAa_IIONmiWGkj7wpA6ALhQbFXppy9ySsvF9NSNEmhShxGrWTHGXfmjP1wmD2dyBrJsuovXuXsCVJmq9wo3Ocmmj8Wib2qjgPP8MEBnOX3lbe6O54N-JA1SVIspiXesFy1nJII2QUSPoxLGrL_ZBvDlEMKOnV0P5cxZ-7GnS_R0L-4Y9jNGUIUmtIifywGe0PLOFhkmCvqXjFUyWNWTb6gg8xd7hgBjwHJ_hLKgYZtFrf-veE2cAgm57_alMKsNeoO6KBMcDGjkQKwe1aHq3NYMlJvHqkQ-zC4QU7xP2_jTLPmlVpsOj6C8P2KbTIcfQacuP_LhJAWuVHez0pyVb_UXae78qPI03LByz7y-lSF0pZm8s4rXjzAgP1POPv1fCnwwZgEviULSaiYPiAjaNrqvmzE5ogMGLs9eEUhekWvEmtMfPLWMgfcZM7_GKe-P1YilYPogDe3xn6FIUv1quAu9MfVJxRgSFKfm8AIF0gKRNfUIvdNZYadZuGV2z_yFc3M2_yrm_61g8Jo9CNZ7Kte6YQAtrYkTQNdqIVk_NsYoxIa5qyggGBJWvXN5iyuls_ghbaJs5RnDkRG60ATqZMxYNa6qBIkmgGbUkE22-L1f-D1JTS_79DcN1UGwSLj6x_nDB9XgEhGZN1nvLX6hKnhzXGGXitJNL8oNkYax3hsbBb0GNFMaxAN2Y01mziGyDB1Wvz9IiJCVhzlGPQHUqUocAK7zUorRLGh7-1_C_G7Bv2eNxhatYF4JI_rw9q1Er_mpUOY6B-qvi3xtfIBcaB6oDB9epJuEw6g8eeUAZBLO1X0aycpik-gfnNgEk1S4pt3OecwHUMqRkWim4LDFthqZFViLpYcle3rWNHX57CTza6RDM4LByib1eKqtYku_3h1vNvrNAxhelpIn_7NtOBWpC4E9oOxda6HFU1QP7a_dSiuK6aEp6B_Bt2UXSIyeMsGwfkEOOGGf6Ose-s9hOjVFSgiMRlSRl_-\-\-pi-IEmEkm-juvfa9jC7tiqKzKa10xxc7so7BzB9NGaXRMhNMDzUnfth1uPuvBDBnDKcqaFD-vzMiMLS2YZpv42wHIbN5HE9TGii8e5oVX3dKbaeobAxgLZPCbSO-wK-hptGL3tigw2d4nlLSM7jxnky01Fpg-SDUzhAr4rR0cCWRIBg&__tn__=%2Cg&paipv=0&eav=AfZo4I3oNlavo4mwQnjTNWoOtbtCIZVpqEx5aPT-X0Jqabm1uWsFNbmJJsWpbnZe8JM,,608,476,"{'thích': 1179, 'yêu thích': 24, 'haha': 8, 'wow': 7, 'thương thương': 72, 'buồn': 1335, 'phẫn nộ': 38}",2663
751672053664049,"Hundreds of thousands of children and families in Gaza are caught in a catastrophic situation.

After days of bombardment and cuts to all supply routes, many have run out of food, water, electricity, medicineXem thêm and health care.

UNICEF and partners have been on the ground in the Gaza Strip, delivering immediate humanitarian support. But the needs are massive.

We need an immediate humanitarian pause to ensure unhindered and safe delivery of life-saving supplies to children and families in need.

Support our response by donating today: https://uni.cf/46Kcfal",2023-10-16 03:05:00,https://scontent.fhan9-1.fna.fbcdn.net/v/t39.30808-6/391731566_751668883664366_4261718788630171333_n.jpg?stp=cp0_dst-jpg_e15_fr_q65&_nc_cat=110&ccb=1-7&_nc_sid=5f2048&efg=eyJpIjoidCJ9&_nc_ohc=l0juSp8Y4vwAX_c00nN&_nc_ht=scontent.fhan9-1.fna&oh=00_AfDDDuhj9qOgwIfiSEbgw_D5mumfUke8Fw0bdJb5ERABfw&oe=65480339&manual_redirect=1,,1073,1415,"{'thích': 3756, 'yêu thích': 146, 'haha': 15, 'wow': 12, 'thương thương': 308, 'buồn': 3769, 'phẫn nộ': 42}",8048
751526090345312,"Another 6.4-magnitude earthquake struck Afghanistan today - tragically causing more casualties and destruction.

UNICEF is there and providing life-saving services. But the needs are immense.

Donate today to support children. https://uni.cf/403F92F",2023-10-15 23:02:29,https://scontent.fhan9-1.fna.fbcdn.net/v/t39.30808-6/393128341_751525997011988_6037976564597832851_n.jpg?stp=cp0_dst-jpg_e15_fr_q65&_nc_cat=102&ccb=1-7&_nc_sid=5f2048&efg=eyJpIjoidCJ9&_nc_ohc=u31g9tN013sAX-KcT9N&_nc_ht=scontent.fhan9-1.fna&oh=00_AfAnXmJzyvYr0Ge7JFNsMBko-aYk3GJASyjTa9MjZw3bQQ&oe=6548AEF1&manual_redirect=1,,244,142,"{'thích': 1142, 'yêu thích': 34, 'haha': 2, 'wow': 6, 'thương thương': 76, 'buồn': 826, 'phẫn nộ': 2}",2088
751433567021231,"The futures of 24 million children in Sudan are at risk as the conflict rages on and access to basic services continues to be disrupted.

The #CostOfInaction for Sudan is already unacceptably high.

We need your urgent support. Donate today to save lives. https://uni.cf/3LuXsIe",2023-10-15 21:02:22,https://m.facebook.com/photo/view_full_size/?fbid=751433547021233&ref_component=mbasic_photo_permalink&ref_page=%2Fwap%2Fphoto.php&refid=13&_ft_=encrypted_tracking_data.0AY-r2-Y6U_KtroL3c9WSeJqgGpURIVc7ePFfzXZ7KH_E8kP_VJmVcATZTwY36mjrfgJtl_N24uS7fdSjWrREYfCD8FAWYATGG2atl8sTfhEN41jC0J2CLHYumVSc14MLaPGG1Srelh2C6N0Mk-ogIo8Sv8hI8xzyRrdCLc9sqV1kyRIcD6Wm4hXztAkOI6eC9dQny0_QqSTg4Bm2PB8xOmX_-ruHy2s1RMIRkWGnA4r3KPWt7Q5eVR33UNh5RrZ7kSO_jEkKGAlEaSS3OSUJhVYugwf0ltOk-zK84diO3QcEKZEz0VPH_EUv4YMHo5ecSFe0N2c1k5-JnlYPpoDu1ZmCNlr4wXptzg63RPpubMmrTuP3YgKYoAcVkw5ASsfmPmhuAzwxq52cfgWg1FmPZ_jlU1nUEylOIlcBf3Ayor5lh-FxN7S7OtZddKUn_Zo-T-\-\scAZl1z2jadusmT454fbBFr9LR-PYOaRUTH4sHHmMGlyCGo__80Z7lJ2fOxQMeYQdrZV8mXuu-DYO6sEmmHRwQ93GWWsuyCGB6jbWsXVMah-UjNMW8M6zmSuAdh1w56umef-uzsbMvm98MN7koiThH7jO4quunFDR9-5Lj7wQ8dKua81rFcnxPRLbFdyplg_29XQVreP7b3S8jcHgz883ZpvUXqbHHPW069N-ZxrYizDd0NYbJbmLbtgGNkI6AaADFg98a1LMsk3ImFiWL55d_OilRs_83iG7GF6oHFXb8IHMsCBxAsKV4bdGHV8pc7MO7yeshNAqRKM-vI-Al3hOE45xs8q28-jLhbotA1cV3Z-HPKMbmqPt4OUjyUzidGs49F-WiEk01JcH0ChiD1z9JkgxoEv4kywAjVKRFn5n8oM9v0AY9ErnXPcv1jtdMjQhExpJCBhvDqmeTL7jzGxR3IPzuyDhVxO1Z32J_KmVVb3bd338hmfrhWDNSAE9SXWTx7OIZs8H1gnLMTGXdI8NEwpeZAmbJsdMlskEj_TMSlFYaQopjTQfD4RruJmT9tNaAG6gBKztrji844Cjn6ieYmNL-2BpCv6ggAtQPULSTXeQya3D8LuT1_iDslIK7LcEQYF6CBY99Y3v9-pTKtMmvPXahtlUC_GbK29n8_lxkoXamxENVuXQMMpdaXBopy7BhwchCSEFLQvoCgHqYReTL7px6dq5dOnE43TzRaAIRwaOhHIVOeqxhrri65j_tA7iEMxseHGEq5BecWkY8Qcgc9TCeVBcPz6j9JDBs4DaR_uO21KFs-Yl27xc95N3rIfxTwhakS6Sk_2JhX2vFrRaYwE60T39P8_gZq25XNUFCUf1Pk22niIwA-3XDgGUPkCp7P1cGBD7_IaDOskM0et9doiGbbbFEdatA07V2vnOe4Y_u_1pYJdzH0HlsR-kT71aDVoMK4VkitPLtqTsv_SididZeFMyLVkhTLB7ZuHj7j5eP1h6Z7glIk8ue5r4cIir4ZtorYI&__tn__=%2Cg&paipv=0&eav=AfaQmEWCWFCGtXgZfDmZalm4PRUcy2fvaksvPhN1uaBxldPsmGxYct4wob5QS17uuDg,,115,112,"{'thích': 948, 'yêu thích': 21, 'haha': 2, 'wow': 2, 'thương thương': 38, 'buồn': 265, 'phẫn nộ': 2}",1278
750846023746652,"“There is no clean drinking water, no sufficient food, and no bathrooms.”

Time is running out for children in Gaza. UNICEF is continuing to respond to their critical needs but access is becoming increasingly difficult and dangerous.

Help support our work by donating now. https://uni.cf/46Kcfal",2023-10-15 04:05:55,,https://scontent.fhan9-1.fna.fbcdn.net/v/t42.1790-2/386923820_1723861574758520_8978793710286761614_n.mp4?_nc_cat=103&ccb=1-7&_nc_sid=55d0d3&efg=eyJ2ZW5jb2RlX3RhZyI6InN2ZV9zZCJ9&_nc_ohc=Ag03e7Viye0AX8_wYKY&_nc_rml=0&_nc_ht=scontent.fhan9-1.fna&oh=00_AfATaQat6-sMa-W75M5MMipUZyDkT_fssGXrye6iwa02oA&oe=654987CD,383,508,"{'thích': 667, 'yêu thích': 33, 'haha': 2, 'wow': 5, 'thương thương': 138, 'buồn': 758, 'phẫn nộ': 12}",1615
750692183762036,"The situation for children in the Middle East is catastrophic, with unrelenting bombing and a massive increase in the displacement of children and families.

Children have been killed and injured.

UNICEF isXem thêm continuing to respond to the critical needs of children across the Gaza Strip, but access is becoming increasingly difficult and dangerous.

We need an immediate humanitarian pause to ensure unhindered and safe access to children in need, no matter who they are or where they are. There are rules of war. Children in Gaza need lifesaving support and every minute counts.",2023-10-15 00:00:01,https://m.facebook.com/photo/view_full_size/?fbid=750691703762084&ref_component=mbasic_photo_permalink&ref_page=%2Fwap%2Fphoto.php&refid=13&_ft_=encrypted_tracking_data.0AY8yPgfLDSOQ9A2TMK2VYbZsJro2PhJdKB8QgYPEa1wuyMDl85XORH2SDKxy3RuC_8qucNlIUPoODZqIqNAO9AulZuQVxeXZS3d41Oj3iL1I2V_MhDT-Bjammbe-\-\1PbntsuqNPIFDWX-WkFAzX0TsQP2FYPZVSKh1hhpEJaLH4HIw09SacgjiHhyabCauHB1n9ek9rDA-UXDqMhlxjahjH6kE-7-FDZh4mM0noZQXZf__gWJDiuDoaCCOcHhW6oRJJSVGjOhwk6Gz_1-eoWiOn8Rb3kALiFWXfZlZsR8LouDya-RoBTxm-pYaiyjdl7_FGUmuqtVR0oR1Ff1iS8Eglxvj-qkbLxJUlj_umJ1z8mQaCYqIaxlM3vmH66Lg1Mw2AZcnqA_LyAVcufkFPpF_Csj_EXI3ZBeo0JpLBDz17eq5QFgrNY81xV3DMzTPbwle66q8y8JW75GElUPctWTW3gyVJkNnBZkrBAYIo0uT91-hiVr4d-2QE-DQJ6ZI5Ox2TVgKaFSYqDkc52YBG9ky-U4xjIjKLt63mJCUOv-2Hkxm8VyfJ25w3dslUJVliXduYJ3EZ7IU19yv4y0QUVUQFgQiTbiDmAMzjfA1nmIBJhCj6vMGnAk1FEoVPJj_LdpgH5E39qh6kSKNb31mcE_QWcOblp69xmQugBJ-YaGZv2mZqWwSzjGiG-5LDtS10DFsSRqJFJ_JrnllXaBOkBwOzCanvgwK87WLq2O4oNrP-6Pk4Y5Vm98eRtTd2lT35HHvZRl3tAwhqUOJefxv0rvHtqWO5XE0df17wHSe3c_t6MrzBX4dLumXKnruAX94MzEwouP6NgtQ6XbfUfpzn9XbVz7KKkeEc18Q737HZ4kSo5wjkHKjwBdrSfrsaZOrgTqH0XjQimsM9gdmcOIkGH0bkkiE2CEnPV9TSAkSebQSuXRL5BGAi0tBaKk8La3QBkm_rHp6zOfM_6xFWuDHXNBfajtCU-Y_afNA1WLWVQ_LAY9DIXsaACXRqOUqjCyBoCquLw8oTzdezLO13vIeFkVwMfusD245AxkmtdtD8TXVFbCNlnRua1ISzhVli6fpAEeSBk7TOnsHlK5O-Kr7aEvNYIFO6h_j1ognCfqnI4SGDGWQLadM8tu5iUlz3usBoncHxH0kLRpn__OPuhIuO9JiS2S_3qyx23BbY-vProI4zagpukZZeDdY19ZwilZJRE0WPNs6Q82Ckk8hRn6y1CcHw0wjv_VoD13MrX6mAaPhnVLFdGmqMLP1zghedRiS2SGp_BBLhgS4eq4VSNedV5CQQ3gWE79llNcu078CielHp5vbfNK6N8ZNefWCIw2m9AkC0OzOqv-7qx2PqIbYwKV2j7gbRKbQ1vDPd28oC7Eamk2_amsW4koq_9kkSDjUlMW8HfuYtDtXKrrNO8YslECLNCqLe96qX4L7lWxa2IZQN5_Zs8fJid2w37PeK5SHOj1ZV07Qy1JD9rcxs&__tn__=%2Cg&paipv=0&eav=AfbMJQLvabRGPDzr5KJorAh7hk9C-8TRUPuxFYOEavz1gQ58rC9eu1xpLrR39MEhlew,,478,1211,"{'thích': 2694, 'yêu thích': 144, 'haha': 1, 'wow': 3, 'thương thương': 495, 'buồn': 1545, 'phẫn nộ': 19}",4901
749957880502133,"Time is running out for children in Gaza.

UNICEF calls for an immediate humanitarian pause and safe access to scale and sustain lifesaving services for children.",2023-10-14 05:54:38,,,308,279,"{'thích': 904, 'yêu thích': 104, 'haha': 1, 'wow': 1, 'thương thương': 125, 'buồn': 73}",1208
749509090547012,"Escalating violence in Haiti has forced many schools to close and disrupted education for thousands of children.

UNICEF is working with the Government to ensure children displaced by the crisis can continue learning by distributing school supplies and cash support to families.

#ChildrenUnderAttack",2023-10-13 15:02:08,,,287,45,"{'thích': 764, 'yêu thích': 53, 'haha': 1, 'thương thương': 19, 'buồn': 3, 'phẫn nộ': 1}",841
749221750575746,"96,000 children have been affected by recent earthquakes in western Afghanistan.

Many lost their loved ones and saw their homes destroyed.

As winter fast approaches, UNICEF has launched a funding appeal to support their urgent needs.",2023-10-13 04:05:39,,,194,60,"{'thích': 551, 'yêu thích': 20, 'thương thương': 56, 'buồn': 94, 'phẫn nộ': 2}",723
748327983998456,"Several days after a powerful earthquake impacted Afghanistan, another 6.3-magnitude quake shook the western provinces today.

UNICEF continues to support children and their needs.

But we need your help. We cannot fail Afghanistan’s children. Donate now. https://uni.cf/403F92F",2023-10-12 02:01:50,https://scontent.fhan9-1.fna.fbcdn.net/v/t39.30808-6/387056312_748327900665131_6787710592417707239_n.jpg?stp=cp0_dst-jpg_e15_fr_q65&_nc_cat=110&ccb=1-7&_nc_sid=5f2048&efg=eyJpIjoidCJ9&_nc_ohc=cWBRg1CsxfIAX-EVDkS&_nc_ht=scontent.fhan9-1.fna&oh=00_AfD8g0QbjdCYarpGloIg6kWA13Mir_zeGhGeypIA7Ctg2g&oe=6547DB52&manual_redirect=1,,189,115,"{'thích': 1257, 'yêu thích': 66, 'wow': 2, 'thương thương': 98, 'buồn': 407, 'phẫn nộ': 1}",1831
748207850677136,"Day of the Girl is a reminder that we need to scale up investments to unlock the full potential of girls around the world.

#IDG2023",2023-10-11 23:03:51,,,63,81,"{'thích': 504, 'yêu thích': 66, 'thương thương': 17, 'buồn': 1}",588
746905094140745,"The impacts of conflict and climate change often leave girls in vulnerable situations.

This is how UNICEF is protecting their rights and safety in emergencies.

#DayOfTheGirl #IDG2023",2023-10-11 20:00:15,,https://scontent.fhan9-1.fna.fbcdn.net/v/t42.1790-2/386939086_1029771878069378_3633486173827547002_n.mp4?_nc_cat=105&ccb=1-7&_nc_sid=55d0d3&efg=eyJ2ZW5jb2RlX3RhZyI6InN2ZV9zZCJ9&_nc_ohc=gWk9JXb0SmEAX_fSEb9&tn=VDpihwEKTDDf0p79&_nc_rml=0&_nc_ht=scontent.fhan9-1.fna&oh=00_AfCJgj4AqPkS8BFpBHHcdabfMc1xeUmcTrHk4KyqR4fqqw&oe=65489490,97,113,"{'thích': 592, 'yêu thích': 80, 'haha': 1, 'wow': 2, 'thương thương': 72, 'buồn': 5}",752
747509110747010,"Refugee children arriving in Armenia are showing signs of severe psychological distress.

More than 30,000 children have fled their homes since the escalation of hostilities in their communities two weeks ago.

UNICEF is on the ground with partners providing children with safe spaces to play and receive mental health support.",2023-10-11 01:03:34,,,91,56,"{'thích': 586, 'yêu thích': 24, 'haha': 1, 'thương thương': 89, 'buồn': 105}",805
746912907473297,"1 in 7.

That's the number of 10- to 19-year-olds who live with a diagnosed mental health disorder.

This #WorldMentalHealthDay, let's address the stigma and insufficient funding that impede the well-being of children and young people. https://uni.cf/3tq5knK

#OnMyMind",2023-10-10 23:00:02,https://m.facebook.com/photo/view_full_size/?fbid=746912794139975&ref_component=mbasic_photo_permalink&ref_page=%2Fwap%2Fphoto.php&refid=13&_ft_=encrypted_tracking_data.0AY9uDaXYJeKh9pEpdIitz7_05FXR0DEAj6DHd6l4MBKY9akDKjODiXZ-iKg3S6xgUNtPY43J3I8sHV-sRO-HJ6af8Z3XqQow4PaFyi51-J35baoQzbrim95dnwQ82yVTjERBevhoPLk1FgCYx1c0WlFGRpWuBg12H4tVNMEUnM5HiwO7F6BiYKk2usBAUwEOzztYqV-ADffAF8_mPJ2_U3RT0RAZDrJjeCPCJNja3jGrHxuWslwti9xgFPuVKUNYLEMK9KKyvfJfG7J0N_HPTNwPoYfomC6v3TKsEIaoMm6aIx0LRm_5xiDBrD0UMqJifGb_g7te4pQ6Swtn-R3cvHNMXDwmV-MRkfE6eYR6RovVNzSihnyzFzy_ZvYyVFbrLNULT4ATI9G_9raLstnbSZbam1ZCRvIPw3b20-wBq3GovR2ScYx8MuxhIh4WW0_MhyV6Zt_YNIOX8F-qfb3_1VFRD0wDzUHk7eIEEHUVZVeb85DwSM9wyyawyzqSWku6T2zda-oSRUo-L4vtck0j4nm3vthbLcvuTBNGUoLohXeVhNaJp2E6K-hPM2XZYzMP2Ls-pqWBQuttfUkAF-Xf0dnPCN2TfvFDmqIchNpOlcZR6wDMckqT-Qu1YN3gJ_JWSqRIwVR8YtxU5pbXmri1XMDSmLtKKgnebPKgUoK4OGYyg2bMBRcbGDhdcwyxy32aZSrOkHpKdqNDsbm69j0-fN4qNs2xc8u_9JfHgAbQ7bFCM6AduUGAT7dm28Fx0Ug6YlW1F0ZkrN6zWyKHZTLnOZ9GycEO89KoEf6XA0mPFug8iBcWzonYxg557Xbh_PjJzjg_VSC9fYjDVuQ9GFSumTvTCMhCmFt5_YQnHupwOb3Q-3GZK6Bn2tTf8P_6EEsQ-oM8wqxsEBcqT6m7CxuDiTYTe961UpdRS6Qn-t1QnEWrQsPsskn8reqX07-hu2-Ly__tbaSYGctB5TjCljD1yyWUiJJzg62Mo5CZ_XOzv2JL0P-\-\XntuNOqPJgihFUwiMZ-Iq8QmcX3U-a7VHDeo6vpZr4qpLvaQzkNb8k_UWU_9Ap2kvr6V3DGmu5IQfbBwnbtzDUFMQ2VIcW5wx0chgPtuOWTp0T3dtW6kPj-POqBtYRWsbVFchojGAHXirHpaGtDbl1ivNwHZfJPzktEwzWvEvTihEaFtpThFtWcxBMKWg3uEqvH3vBcQeZ0I0hyd3wHH0WaX0xt3biRIFkzpecFeH0qCoH266v02CbMf_E3k119FNdjHBbjspxU4gnmM1vwB4X8VPk9BouioLCQ7pwY54zYm9W5Duq08rHkEH1w9DctD6sCRA8xJZr5vHbaXu7AUtHx7zjtrHN-X3jmbowS_nKZDx_nx29i_KbPl-LTCKLq2BuMAmLHCT6khbpD9YiYA5SzwqvotI5HPDHniOsLmnIML7qEp5gEOINrzoJekAEoz_tHyA_KRVF_yk6rl6QxF1Fc4pke9n2E&__tn__=%2Cg&paipv=0&eav=AfYoYtn-4nNtase05zCXmurFaf1bPdNS5vrADcM2RoQ6BK0YeWcVeZMw3rGwxca8c5M,,102,125,"{'thích': 709, 'yêu thích': 67, 'haha': 2, 'wow': 1, 'thương thương': 68, 'buồn': 16}",863
746567414174513,"Coping with the unimaginable.

This is Merve’s story of finding strength to raise her children in Türkiye after the earthquake and losing her husband. #OnMyMind #WorldMentalHealthDay",2023-10-10 20:01:02,,https://scontent.fhan9-1.fna.fbcdn.net/v/t42.1790-2/386946845_1013529943187660_3814892061628758602_n.mp4?_nc_cat=102&ccb=1-7&_nc_sid=55d0d3&efg=eyJ2ZW5jb2RlX3RhZyI6InN2ZV9zZCJ9&_nc_ohc=XR8eKBs_rX8AX8U3xwm&_nc_rml=0&_nc_ht=scontent.fhan9-1.fna&oh=00_AfAP-y5ka6qfTwVifBDAt3wQg43Z7nnZhvGiC0ifwjFYZA&oe=65497608,50,59,"{'thích': 433, 'yêu thích': 42, 'wow': 3, 'thương thương': 70, 'buồn': 12}",560
746871484144106,"19 million.

This is the staggering number of children who are out of school in Sudan as conflict rages on.

Even before violence broke out in April this year, nearly 7 million children were already out of schoolXem thêm in a country grappling with poverty and instability.

If the war continues, no child in Sudan will be able to go back to school in the coming months.

UNICEF and partners are working to ensure children can access quality education and safely go back to school soon.",2023-10-10 18:00:04,https://m.facebook.com/photo/view_full_size/?fbid=746871197477468&ref_component=mbasic_photo_permalink&ref_page=%2Fwap%2Fphoto.php&refid=13&_ft_=encrypted_tracking_data.0AY_agt3DiReew1Pl3sYFyz2zFD2B2qDdqNLni81M3S6UMZHA_l_Q9MEw2VsDbRoBbzmUnR496Ob6UfDjIZ0lX51wfzhFZh-4Nl3zRf4qXPUy-JWRymCaGKPWjhtQzVAjKFItN7E6U_jZxZs2wW0IPhI-Jl1o96YokFYfx3583x0lu4N1HJmxmFpqPdH8CLzEO7imzxzPcudVx3_lzXKj6HXO35Yz5Ix8C37-VpAiKviB-tV8lA2_eeLMC1TWcJss2Nr8fnOMQL557GUg8F_kg_QBb2UTjq9e-xNOm2FV0xwua0QmZ3w6O5OpiuQBMj_RWhZt13RNQJoHJJS7EFNJ0xbWVIIFYAg5tgXXgu3q0MTFW7rBzU2OKIepmdy1mdTWdYfHVx4BOs-YLl-\-\wcpMw8Ta2lG_Xu_KDLjIvP2v-53e7T6RQKpTmp4VddT8HGeNA3jM1LN1Eb8mLg2NRn-Tu0ju-ntF4Sf5f1HovmqTj_wPO5r1qya5UbF-7nndaEMi4dMBIcGtW2TWU-4GwlMxjiFM3FpoHFybQgvQy3MKtQIwr6LhZEqYnAeqBTTdvxFH7FuiH05EL_k3TLvFDzpLJlHsvcpDTeHQN6DLqFo0TtcZp04EH0TVCQsrJpgByJxkWMwqkB53px7manv0Ul76Xd70ccFKd6IjHy4WLFeRJQjs2o8bxjhX9nA38-5FsMSkzHLVX5gsfLUea7LQBY93baqbw0beZSCOr2A6RV3Lf45lIAr3C1uOFJGBElqH_c82io83hrc62O8lzoGfI1KUD-XhdtA6xXJYIByOnmxx9MTSf0vMHWnyD0Vc0kJiH-ejzldcHTmuvDogLvRZ6puipF9cLB3mbCbwwO5MMsMDoX_UtBRrMhbsIDaPYOg_4bWZzw0lSfG9FDxDkNEysMVqqsCFtvufUNI803sG4TwjI0JRXJeiazrOFMQyRAJKnvgRb9WAXnBO190pUWQ_jX0CIyxF3UiZuX-ZELNQzFs-1Y3p1ws5DnoU8dgSyrv_lTOrhumHqi5urgpdFvhj-34YFi8vor42BLOy3cw4yWZCVbWnj4Vy4fmJEYhHBz6ZbCrQX_J1Q22fKvlmIAK_VrI2xAi4WARwfGhejDFkf6ty2itvslIhzBFRJEpUCtmjY-LfkpjdXIX16Gmv_DojjK7froFjWBDio5eNto2KpODwwV7SNkqNAWm5iVFmTnulPrrjbJv8JI8uatuVZ9VTW0anmuEusaxScZVP5UMyXRfJ0Vcp_i0gmxIhCUgBuY8GkKOAxDvjLTasDCc-U_8KpwURh8s_-EoU-\-\mN0Uaubgh_lYFivm3mfhvSUUvLSJv8CZLY7kAK48dVeYcwza8G8pGfLy8SO-unOVb1rbBaaZ5a1mu6RlLQ0501Wz6fgKaCUC5f0X0NwDB-OT4_HCKfAxTvOTOIgNv-Xj_rP4etkP8GoGLWztVNEAASWofIeJmS_O5rdDWQ9x13g6Mt118&__tn__=%2Cg&paipv=0&eav=AfbLTqZBcz8AI0hZy5yG5FUXZYw376BLIND6RTBPBPOl8iNRr5CybjY4ZPiNA0-Qb2k,,124,120,"{'thích': 716, 'yêu thích': 14, 'haha': 1, 'wow': 16, 'thương thương': 44, 'buồn': 407, 'phẫn nộ': 5}",1203
746984357466152,"“Nothing justifies the killing, maiming or abducting of children – grave rights violations which UNICEF wholeheartedly condemns.”

Full statement by UNICEF Executive Director Catherine Russell on the deteriorating situation for children in Israel and the State of Palestine.",2023-10-10 07:27:41,,,96,81,"{'thích': 521, 'yêu thích': 15, 'thương thương': 66, 'buồn': 8}",610
746863570811564,"Children and families are reeling from the deadly earthquake and multiple aftershocks that hit Afghanistan on Saturday.

UNICEF is providing life-saving support and essential supplies, including hygiene kits,Xem thêm family kits with cooking supplies, and winter clothes to impacted children and families.

But their needs are growing. Donate today to save lives. https://uni.cf/403F92F",2023-10-10 02:05:15,https://scontent.fhan9-1.fna.fbcdn.net/v/t39.30808-6/386701605_746863550811566_2923180185625311846_n.jpg?stp=cp0_dst-jpg_e15_fr_q65&_nc_cat=107&ccb=1-7&_nc_sid=5f2048&efg=eyJpIjoidCJ9&_nc_ohc=DE8kJsyYS9UAX9YDUS9&_nc_ht=scontent.fhan9-1.fna&oh=00_AfDLLOnXa_2C7xe_kOgjCGytQr5rjEJHL6M-iwCNfqVdlA&oe=6548F483&manual_redirect=1,,126,158,"{'thích': 1326, 'yêu thích': 49, 'wow': 7, 'thương thương': 198, 'buồn': 821, 'phẫn nộ': 3}",2404
744336624397592,20-year-old Cosas del Kevin from Ecuador shares his story of putting his mental health first. #OnMyMind Voices of Youth,2023-10-09 23:00:02,https://scontent.fhan9-1.fna.fbcdn.net/v/t39.30808-6/385771703_744333897731198_5321208535785287755_n.jpg?stp=cp0_dst-jpg_e15_fr_q65&_nc_cat=100&ccb=1-7&_nc_sid=5f2048&efg=eyJpIjoidCJ9&_nc_ohc=-N7J5S_rJRkAX-ow2cX&_nc_ht=scontent.fhan9-1.fna&oh=00_AfAdjtMQs9i0OFlttgdiEmR-pcZGsdrowuyjkllncV7d5g&oe=6549815F&manual_redirect=1,,23,83,"{'thích': 489, 'yêu thích': 135, 'thương thương': 20}",644
746228180875103,"Climate change does not impact us all in the same way.

Children are particularly vulnerable.

20,000 children are displaced every day due to weather-related disasters.

Our latest report. #ChildrenUprooted",2023-10-09 11:00:25,,,40,37,"{'thích': 483, 'yêu thích': 32, 'thương thương': 36, 'buồn': 13, 'phẫn nộ': 1}",565
745748224256432,"Yesterday morning, a 6.3-magnitude earthquake and several strong aftershocks shook western Afghanistan.

The full extent of the destruction is yet unknown, but initial estimates indicate that several hundredXem thêm people, including women and children, lost their lives or were injured.

We express our heartfelt condolences to families mourning the loss of loved ones. Together with our partners, we will make every effort to provide critical support to those affected.

Read full statement:",2023-10-08 21:22:06,,,53,39,"{'thích': 618, 'yêu thích': 19, 'wow': 6, 'thương thương': 70, 'buồn': 97}",810
745531860944735,"What sets communities back from thriving? Gender inequality.

When girls face limitations, it hinders their potential and the progress of society.

This is how UNICEF is working to create a more inclusive and equal world for every girl 👇.",2023-10-08 15:00:54,,,30,24,"{'thích': 460, 'yêu thích': 47, 'haha': 1, 'wow': 1, 'thương thương': 13}",522
745410480956873,"How is climate change impacting children?

🚨 43 million internal displacements of children linked to weather-related disasters in the last 6 years.
🚨 20,000 child displacements daily.
🚨 95% of child displacements driven by floods and storms.

More in UNICEF's latest report. #ChildrenUprooted",2023-10-08 11:00:17,,,34,27,"{'thích': 430, 'yêu thích': 28, 'wow': 1, 'thương thương': 46, 'buồn': 16, 'phẫn nộ': 1}",522
743071807857407,"Tropical storm Nalgae
Typhoon Noru
Typhoon Odette

Children in the Philippines have lived through these disasters that destroyed their homes and forced them to evacuate.

As climate change displaces millions of children, UNICEF calls on leaders to protect them and the services they rely on.",2023-10-08 07:00:00,https://scontent.fhan9-1.fna.fbcdn.net/v/t39.30808-6/386648667_743071611190760_2816060873917894851_n.jpg?stp=cp0_dst-jpg_e15_fr_q65&_nc_cat=103&ccb=1-7&_nc_sid=5f2048&efg=eyJpIjoidCJ9&_nc_ohc=1q9TnauRZQAAX_JYZqW&_nc_ht=scontent.fhan9-1.fna&oh=00_AfAr-8VNtwIsAP5YzHU9z-AfsZt9VXmim6TPRQIfN8V6Rw&oe=65487E39&manual_redirect=1,,45,66,"{'thích': 772, 'yêu thích': 66, 'wow': 1, 'thương thương': 56, 'buồn': 1}",896
745213194309935,"“I am deeply concerned for the wellbeing of children in Israel and the State of Palestine.

With hundreds of civilians reportedly killed or injured, we are closely monitoring the situation for reports of graveXem thêm rights violations committed against children.

UNICEF calls for the immediate cessation of hostilities, and for all parties to protect children from harm and afford them the special protection to which they are entitled, in accordance with their obligations under international humanitarian law.”

UNICEF Executive Director Catherine Russell

Read full statement:",2023-10-08 02:22:25,,,93,116,"{'thích': 469, 'yêu thích': 40, 'wow': 1, 'thương thương': 49, 'buồn': 9, 'phẫn nộ': 1}",569
744850907679497,"Looking for ideas to keep your child engaged?

Here are tips to help them learn, grow, and connect with you 💙.",2023-10-07 15:01:12,,,47,52,"{'thích': 689, 'yêu thích': 78, 'wow': 2, 'thương thương': 14}",783
743904651107456,"Imagine entering your school through a hole in the wall.

That’s a reality for 15-year-old Sashko in Ukraine. This is his story. #LetMeLearn",2023-10-07 11:00:35,,https://scontent.fhan9-1.fna.fbcdn.net/v/t42.1790-2/369440106_1033579924340313_4605540930052124938_n.mp4?_nc_cat=100&ccb=1-7&_nc_sid=55d0d3&efg=eyJ2ZW5jb2RlX3RhZyI6InN2ZV9zZCJ9&_nc_ohc=nVEi887ZX-0AX87RMYO&_nc_rml=0&_nc_ht=scontent.fhan9-1.fna&oh=00_AfAAQsY1TtwWYSLj9lnBGJepUoUWjXijyoIKkzBk64W96Q&oe=65486188,38,63,"{'thích': 425, 'yêu thích': 38, 'wow': 5, 'thương thương': 66, 'buồn': 14}",548
744651437699444,"This is a heartbreaking story of how children are particularly vulnerable to climate change.

When floods engulfed Pakistan last year, millions of children were impacted. A year later, many are still living in displacement camps.

These are their stories of survival.",2023-10-07 07:10:11,,,25,29,"{'thích': 361, 'yêu thích': 3, 'thương thương': 31, 'buồn': 33}",428
743018031196118,"Thanks to UNICEF, children in drought-hit Ethiopia have access to water.

Climate change is not just degrading our planet but impacting our children. It is forcing children to seek safety and refuge elsewhere.

Xem thêm As climate-related disasters displace more children around the world, we need to prioritize children on the move in climate action.",2023-10-06 23:00:00,https://scontent.fhan9-1.fna.fbcdn.net/v/t39.30808-6/385311140_743017761196145_1747865724268779915_n.jpg?stp=cp0_dst-jpg_e15_fr_q65&_nc_cat=107&ccb=1-7&_nc_sid=5f2048&efg=eyJpIjoidCJ9&_nc_ohc=RYqviAu3jCwAX_0uHhj&_nc_ht=scontent.fhan9-1.fna&oh=00_AfD-mh2qY2q1nBoCu80zdS_N1VUbw3P26qtUY1sPctGk_w&oe=65484FDD&manual_redirect=1,,46,59,"{'thích': 524, 'yêu thích': 76, 'thương thương': 25, 'buồn': 2, 'phẫn nộ': 1}",628
744306974400557,"Climate change does not impact us all in the same way.
Children are particularly vulnerable.

20,000 children are displaced every day due to weather-related disasters.

Our latest report. #ChildrenUprooted",2023-10-06 20:00:57,,,23,24,"{'thích': 358, 'yêu thích': 12, 'haha': 1, 'thương thương': 27, 'buồn': 12}",410
742551181242803,"Weather-related disasters are responsible for internally displacing 43 million children around the world in the last six years.

So how do we protect them and make the services they rely on, such as schools and healthcare, climate resilient?

Our team in Mozambique has answers.",2023-10-06 17:00:26,,https://scontent.fhan9-1.fna.fbcdn.net/v/t42.1790-2/386108178_683970556992839_2924064071915694257_n.mp4?_nc_cat=104&ccb=1-7&_nc_sid=55d0d3&efg=eyJ2ZW5jb2RlX3RhZyI6InN2ZV9zZCJ9&_nc_ohc=zVEEYsqp3PgAX-kMGZs&_nc_rml=0&_nc_ht=scontent.fhan9-1.fna&oh=00_AfCfeW0llx-Q5jCfWvHZyC-W5J4i-FndYeRayxLpamFwCQ&oe=6548217B,38,50,"{'thích': 321, 'yêu thích': 11, 'haha': 2, 'wow': 4, 'thương thương': 40, 'buồn': 49, 'phẫn nộ': 1}",428
743009814530273,"Storm Daniel in Libya has displaced thousands of children, destroyed critical infrastructure and impacted children and families.

As climate-related displacement grows, we need leaders to take immediate #ClimateAction to protect displaced children and the services they rely on.",2023-10-06 15:00:04,https://scontent.fhan9-1.fna.fbcdn.net/v/t39.30808-6/385502626_743009721196949_6706900333806530620_n.jpg?stp=cp0_dst-jpg_e15_fr_q65&_nc_cat=107&ccb=1-7&_nc_sid=5f2048&efg=eyJpIjoidCJ9&_nc_ohc=5_6G6Y9E1RMAX-RNT2u&_nc_ht=scontent.fhan9-1.fna&oh=00_AfCZlRTAkYXdIkRRD_n7Fdyy_U4FeY8sCo1VD5Di4jDPag&oe=65495F26&manual_redirect=1,,43,54,"{'thích': 820, 'yêu thích': 19, 'wow': 10, 'thương thương': 36, 'buồn': 329, 'phẫn nộ': 3}",1217
744074141090507,"Children’s mental health should be on top of everyone’s minds.

UNICEF and partners are calling on governments to put mental health at the forefront of every community and every policy for every child and their family.

#OnMyMind",2023-10-06 11:00:17,https://scontent.fhan9-1.fna.fbcdn.net/v/t39.30808-6/384100471_744074114423843_2014789078316962785_n.jpg?stp=cp0_dst-jpg_e15_fr_q65&_nc_cat=106&ccb=1-7&_nc_sid=5f2048&efg=eyJpIjoidCJ9&_nc_ohc=A4ZuyGyTeSMAX9LP6yl&_nc_ht=scontent.fhan9-1.fna&oh=00_AfCcr981ZtnDBN-wm89n5UqtK2otXrt0hwl38lTokxuwSQ&oe=6547B83B&manual_redirect=1,,26,47,"{'thích': 363, 'yêu thích': 33, 'thương thương': 35, 'buồn': 10, 'phẫn nộ': 1}",442
744012431096678,"Why do we need urgent child-focused #ClimateAction?

In the last six years, weather-related disasters have displaced 43.1 million children. That’s nearly 20,000 children every day.

This is what UNICEF is asking decision-makers to do to protect them.",2023-10-06 08:22:05,,,25,18,"{'thích': 310, 'yêu thích': 21, 'haha': 1, 'wow': 1, 'thương thương': 22, 'buồn': 34, 'phẫn nộ': 1}",390
743877131110208,"Six-month-old Guddo Mai from Pakistan is about to receive her third dose of the pentavalent vaccine. This will help protect her from an infection that can cause meningitis, and many other diseases.

Half of allXem thêm meningitis deaths occur in children under five. Yet many cases of, and deaths from, meningitis can be largely prevented through vaccination.

This #WorldMeningitisDay, join UNICEF and partners to #DefeatMeningitis by 2030.

👉 https://uni.cf/3RIpBz5",2023-10-06 02:00:40,https://scontent.fhan9-1.fna.fbcdn.net/v/t39.30808-6/385006686_743877107776877_1100579248900140677_n.jpg?stp=cp0_dst-jpg_e15_fr_q65&_nc_cat=108&ccb=1-7&_nc_sid=5f2048&efg=eyJpIjoidCJ9&_nc_ohc=q1Jq4tOGcSQAX_4mlsT&tn=VDpihwEKTDDf0p79&_nc_ht=scontent.fhan9-1.fna&oh=00_AfAfPRubfKIRrgXh1V5NO-jWCQmznZxOJJm1qTGlnoaf3Q&oe=65498930&manual_redirect=1,,44,44,"{'thích': 1128, 'yêu thích': 95, 'wow': 2, 'thương thương': 61, 'buồn': 6}",1292
743860267778561,"UNICEF is delivering life-saving supplies to refugee families at the Yerevan reception center in Armenia.

As their needs rise, we are working with the Government and other partners on the ground and prioritizing the safety and well-being of these vulnerable children and families.",2023-10-06 01:21:07,https://scontent.fhan9-1.fna.fbcdn.net/v/t39.30808-6/370168364_743860171111904_3322095304958223154_n.jpg?stp=cp0_dst-jpg_e15_fr_q65&_nc_cat=106&ccb=1-7&_nc_sid=5f2048&efg=eyJpIjoidCJ9&_nc_ohc=tz9NQAMweTkAX_-CPTv&tn=VDpihwEKTDDf0p79&_nc_ht=scontent.fhan9-1.fna&oh=00_AfCCu6JBMpEDJCzo85szjJckKMS7GzJgSQyl8QF4IGm5Wg&oe=65486B65&manual_redirect=1,,40,38,"{'thích': 679, 'yêu thích': 75, 'thương thương': 17, 'phẫn nộ': 1}",772
